,Product Name,Product Type,Skin Type,Product Size,Product Price,Product Rating,Product Recommendation,Ingredients List
0,Tea Tree Oil ,Serums & Essences,"For oily, blemished skin","['10 ML', '20 ML']","['$19.00', '$10.00']",4.7 out of 5 stars,86% would recommend this to a friend ,"Aqua, Alcohol Denat., Polysorbate 60, Melaleuca Alternifolia Leaf Oil, Limonene, Calophyllum Inophyllum Seed Oil, Linalool, t-Butyl Alcohol, Citral, Citronellol, Leptospermum Petersonii Oil, Denatonium Benzoate, Tocopherol"
1,Himalayan Charcoal Purifying Glow Mask ,Face Masks,Purifies oily skin,"['15 ML', '75 ML']","['$37.00', '$10.00']",4.8 out of 5 stars,88% would recommend this to a friend ,"Aqua, Kaolin, Moroccan Lava Clay, Magnesium Aluminum Silicate, Alcohol Denat., Camellia Sinensis Leaf, PEG-40 Hydrogenated Castor Oil, Pumice, Argania Spinosa Shell Powder, Phenoxyethanol, Xanthan Gum, Parfum, Charcoal Powder, Ethylhexylglycerin, Caprylhydroxamic Acid, Argania Spinosa Kernel Oil, Butyrospermum Parkii Butter, Limonene, Linalool, Methylpropanediol, Aloe Barbadensis Leaf Juice Powder, Menthol, Disodium EDTA, Tetrasodium Pyrophosphate, Melaleuca Alternifolia Leaf Oil, Eucalyptus Globulus Leaf Oil, Citric Acid, Menthoxypropanediol, Citral, Geraniol, Coumarin, Caramel."
2,Camomile Sumptuous Cleansing Butter ,Cleansers & Toners,For sensitive skin,"['20 ML', '90 ML']","['$27.00', '$10.00']",4.8 out of 5 stars,88% would recommend this to a friend ,"Ethylhexyl Palmitate, Synthetic Wax, PEG-20 Glyceryl Triisostearate, Olea Europaea Fruit Oil/Olea Europaea (Olive) Fruit Oil, Butyrospermum Parkii Butter/Butyrospermum Parkii (Shea) Butter, Caprylyl Glycol, Tocopherol, Parfum/Fragrance, Linalool, Helianthus Annuus Seed Oil/Helianthus Annuus (Sunflower) Seed Oil, Limonene, Anthemis Nobilis Flower Oil, Citric Acid."
3,Vitamin E Moisture Cream ,Moisturisers,For dehydrated skin,"['50 ML', '100 ML']","['$27.00', '$42.00']",4.5 out of 5 stars,73% would recommend this to a friend ,"Aqua/Water/Eau, Isopropyl Palmitate, Glycerin, Butylene Glycol, Cetyl Alcohol, Glyceryl Stearate, PEG- 100 Stearate, Cetyl Esters, Myristyl Myristate, Phenoxyethanol, Caprylyl Glycol, Tocopheryl Acetate, Carbomer, Rubus Idaeus Seed Oil/Rubus Idaeus (Raspberry) Seed Oil, Parfum/Fragrance, Sodium Stearoyl Glutamate, Trisodium Ethylenediamine Disuccinate, Sodium Hydroxide, Sodium Hyaluronate, Benzyl Benzoate, Benzyl Alcohol, Geraniol, Linalool, Limonene, Hydroxycitronellal, Alpha- Isomethyl Ionone, CI 14700/Red 4, CI 19140/Yellow 5."
4,Aloe Soothing Day Cream ,Moisturisers,Vegan,['50 ML'],['$27.00'],4.7 out of 5 stars,84% would recommend this to a friend ,"Aqua, Isononyl Isononanoate, Glycerin, Pentylene Glycol, Cyclopentasiloxane, Butylene Glycol, Cetearyl Alcohol, Myristyl Myristate, Sesamum Indicum Seed Oil, Cetyl Alcohol, Cyclohexasiloxane, Myristyl Alcohol, Stearic Acid, Cetearyl Glucoside, Palmitic Acid, Aloe Barbadensis Leaf Juice Powder, Myristyl Glucoside, Acrylates/C10-30 Alkyl Acrylate Crosspolymer, p-Anisic Acid, Sodium Hydroxide, Bisabolol, Xanthan Gum, Disodium EDTA, Myristic Acid, PEG-30 Dipolyhydroxystearate, Trideceth-6, Avena Sativa Kernel Extract."
5,Aloe Soothing Night Cream ,Night Care,For sensitive skin,['50 ML'],['$30.00'],4.7 out of 5 stars,82% would recommend this to a friend ,"Aqua, Glycerin, Pentylene Glycol, Caprylic/Capric Triglyceride, Butylene Glycol, Hydrogenated Vegetable Glycerides Cirtrate, Isononyl Isononanoate, Elaeis Guineensis Oil, Myristyl Myristate, Octyldodecanol, Sesamum Indicum Seed Oil, Squalane, Cetearyl Alcohol, Cetyl Alcohol, Butyrospermum Parkii Butter, Panthenol, Aloe Barbadensis Leaf Juice Powder, Acrylates/C10-30 Alkyl Acrylate Crosspolymer, Xanthan Gum, Bisabolol, Polylysine, Sodium Hydroxide, Disodium EDTA, PEG-30 Dipolyhydroxystearate, Trideceth-6, Avena Sativa Kernel Extract, Sodium Chloride, Citric Acid."
6,Vitamin C Glow Boosting Microdermabrasion ,Exfoliators & Peels,"For dull, tired skin",['100 ML'],['$37.00'],4.7 out of 5 stars,86% would recommend this to a friend ,"Aqua/Water/Eau (Solvent), Solum Diatomeae/Diatomaceous Earth/Terre de diatomées (Absorbent/Bulking Agent), Glycerin (Humectant), Aluminum Silicate (Abrasive), Prunus Amygdalus Dulcis Oil/Prunus Amygdalus Dulcis (Sweet Almond) Oil (Skin Conditioning Agent - Occlusive), Dimethicone (Skin Conditioning Agent), Butyrospermum Parkii Butter/Butyrospermum Parkii (Shea) Butter (Skin Conditioning Agent - Emollient), Cetearyl Alcohol (Emulsifying Agent), Glyceryl Stearate (Emulsifying Agent), PEG-100 Stearate (Surfactant), Phenoxyethanol (Preservative), Polysorbate 60 (Surfactant), Acrylates/C10-30 Alkyl Acrylate Crosspolymer (Stabiliser/Viscosity Modifier), Sodium Benzoate (Preservative), Xanthan Gum (Viscosity Controlling Agent), Magnesium Ascorbyl Phosphate (Antioxidant), Parfum/Fragrance (Fragrance Ingredient), Sodium Hydroxide (pH Adjuster), Disodium EDTA (Chelating Agent), Linalool (Fragrance Ingredient), PEG-30 Dipolyhydroxystearate (Emulsifying Agent), Trideceth-6 (Surfactant - Emulsifying Agent), Limonene (Fragrance Ingredient), Myrciaria Dubia Fruit Extract (Skin Conditioning Agent), Citral (Fragrance Ingredient), Citric Acid (pH Adjuster)."
7,Vitamin E Gentle Facial Wash ,Cleansers & Toners,For all skin types,['125 ML'],['$21.00'],3.7 out of 5 stars,62% would recommend this to a friend ,"Aqua/Water, Glycine Soja Oil/Glycine Soja (Soybean) Oil, Coco-Glucoside, Hydroxypropyl Starch Phosphate, Coco-Betaine, Sodium Methyl Cocoyl Taurate, Sodium Chloride, Acrylates/C10-30 Alkyl Acrylate Crosspolymer, Phenoxyethanol, Tocopheryl Acetate, Sodium Benzoate, Sodium Gluconate, Parfum/Fragrance, Rubus Idaeus Seed Oil/Rubus Idaeus (Raspberry) Seed Oil, Benzyl Benzoate, Benzyl Alcohol, Sodium Hydroxide, Geraniol, Linalool, Tocopherol, Limonene, Hydroxycitronellal, Alpha-Isomethyl Ionone, Cinnamyl Alcohol, Citric Acid, CI 14700/Red 4, CI 19140/Yellow 5."
8,Vitamin E Intense Moisture Cream ,Moisturisers,For dry skin,['50 ML'],['$30.00'],4.7 out of 5 stars,79% would recommend this to a friend ,"Aqua, Dimethicone, Glycerin, Olea Europaea Fruit Oil, Butyrospermum Parkii Butter, Butylene Glycol, Cetearyl Alcohol, Cetearyl Glucoside, Triticum Vulgare Germ Oil, Cetyl Alcohol, Vitis Vinifera Seed Oil, Sodium Polyacrylate, Cyclopentasiloxane, Phenoxyethanol, Dimethicone Crosspolymer, Tocopherol, Panthenol, Polysilicone-11, Sodium Stearoyl Glutamate, Parfum, Xanthan Gum, Methylparaben, Benzyl Benzoate, Propylene Glycol, Retinyl Palmitate, Sodium Hyaluronate, Benzyl Alcohol, Disodium EDTA, Butylparaben, Hydroxycitronellal, Sodium Hydroxide, Ethylparaben, Geraniol, Hydrolyzed Glycosaminoglycans, Linalool, Propylparaben, Limonene, Alpha-Isomethyl Ionone, Cinnamyl Alcohol, Citric Acid."
9,Vitamin C Skin Boost Instant Smoother ,Moisturisers,"For dull, tired skin",['30 ML'],['$37.00'],4.7 out of 5 stars,81% would recommend this to a friend ,"Cyclopentasiloxane, Dimethicone, Cyclohexasiloxane, Dimethicone Crosspolymer, Synthetic Fluorphlogopite, Mica, HDI/Trimethylol Hexyllactone Crosspolymer, Ascorbic Acid, Bertholletia Excelsa Seed Oil, Tocopherol, Glycerin, Parfum, Ethylhexyl Hydroxystearate, Polysilicone-11, Linalool, Limonene, Silica, Benzyl Benzoate, Citral, Aqua, Hexyl Cinnamal, Myrciaria Dubia Fruit Extract, Citronellol, CI 77891."
10,Tea Tree Squeaky-Clean Scrub ,Exfoliators & Peels,"For oily, blemished skin",['100 ML'],['$18.00'],4.7 out of 5 stars,82% would recommend this to a friend ,"Aqua/Water/Eau, Sodium Laureth Sulfate, Glycerin, Lauryl Betaine, Acrylates Copolymer, PEG-40 Hydrogenated Castor Oil, Propanediol, Perlite, Phenoxyethanol, Melaleuca Alternifolia Leaf Oil/Melaleuca Alternifolia (Tea Tree) Leaf Oil, Mannitol, Sodium Chloride, p-Anisic Acid, Sodium Hydroxide, Cellulose, PEG-120 Methyl Glucose Dioleate, Acacia Concinna Fruit Extract, Balanites Aegyptiaca Fruit Extract, Menthol, Disodium EDTA, Gypsophila Paniculata Root Extract, Calophyllum Inophyllum Seed Oil, Limonene, Citral, Tocopheryl Acetate, Potassium Sorbate, Sodium Benzoate, Citronellol, Linalool, Sorbic Acid, Hydroxypropyl Methylcellulose, Leptospermum Petersonii Oil, Citric Acid, Tocopherol, CI 19140/Yellow 5, CI 42090/Blue 1."
11,Tea Tree Skin Clearing Facial Wash ,Cleansers & Toners,"For oily, blemished skin","['250 ML', '400 ML']","['$21.00', '$17.00']",4.7 out of 5 stars,87% would recommend this to a friend ,"Aqua/Water/Eau, Glycerin, Sodium Laureth Sulfate, Cocamidopropyl Betaine, PEG-120 Methyl Glucose Dioleate, PEG-40 Hydrogenated Castor Oil, PEG-7 Glyceryl Cocoate, Polysorbate 20, Alcohol Denat., Phenoxyethanol, Sodium Chloride, Panthenol, Melaleuca Alternifolia Leaf Oil/Melaleuca Alternifolia (Tea Tree) Leaf Oil, Sodium Benzoate, Calophyllum Inophyllum Seed Oil, Citric Acid, Allantoin, Menthol, Butyl Methoxydibenzoylmethane, Leptospermum Petersonii Oil, Tocopherol, Sodium Hydroxide, CI 19140/Yellow 5, Caramel, CI 42090/Blue 1."
12,Seaweed Oil Balancing Toner ,Cleansers & Toners,For combination skin,['250 ML'],['$21.00'],4.8 out of 5 stars,86% would recommend this to a friend ,"Aqua/Water, PEG-40 Hydrogenated Castor Oil, Trideceth-9, Phenoxyethanol, Caprylyl Glycol, Glycerin, Parfum/Fragrance, Propylene Glycol, Trisodium Ethylenediamine Disuccinate,                                  Fucus Vesiculosus Extract, Citric Acid, Linalool, Aloe Barbadensis Leaf Juice Powder, Benzyl Salicylate, Cucumis Sativus Fruit Extract/Cucumis Sativus (Cucumber) Fruit Extract, Potassium Sorbate."
13,Seaweed Deep Cleansing Facial Wash ,Cleansers & Toners,Vegan,['125 ML'],['$21.00'],4.8 out of 5 stars,88% would recommend this to a friend ,"Aqua/Water/Eau, Sodium Laureth Sulfate, Polysorbate 20, PEG-150 Distearate, Sodium Cocoamphoacetate, Cocamidopropyl Betaine, Phenoxyethanol, Citric Acid, Sodium Benzoate, Parfum/Fragrance, Sodium Chloride, Butylene Glycol, Menthol, Trisodium Ethylenediamine Disuccinate, Aloe Barbadensis Leaf Juice Powder, Fucus Vesiculosus Extract, Linalool, Benzyl Salicylate, Benzyl Alcohol, Propylene Glycol, Sodium Hydroxide, Chondrus Crispus Extract."
14,Drops of Light™ Brightening Essence Lotion ,Serums & Essences,For dull skin,['160 ML'],['$29.00'],4.5 out of 5 stars,73% would recommend this to a friend ,"Aqua, Glycerin, Alcohol Denat., Phenoxyethanol, Betaine, Carbomer, 3-O-Ethyl Ascorbic Acid, Palmaria Palmata Extract, Sodium Hydroxide, Disodium EDTA, Disodium Cocoamphodiacetate, Parfum, Aloe Barbadensis Leaf Juice Powder, Linalool."
15,Vitamin E Skin Cooling Gel Mist ,Mists,For dry skin,['57 ML'],['$24.00'],3.9 out of 5 stars,66% would recommend this to a friend ,"Aqua/Water/Eau, Propanediol, Butylene Glycol, Glycerin, Xylitylglucoside, Polysorbate 20, Anhydroxylitol, Phenoxyethanol, Xylitol, Chlorphenesin, Calcium Lactate, Gellan Gum, Glucose, Parfum/Fragrance, Rubus Idaeus Juice/Rubus Idaeus (Raspberry) Juice, Tocopheryl Acetate, Trisodium Ethylenediamine Disuccinate, Benzyl Benzoate, Benzyl Alcohol, Geraniol, Linalool, Citric Acid, Sodium Benzoate, Limonene, Potassium Sorbate, Hydroxycitronellal, Alpha-Isomethyl Ionone."
16,Vitamin E Cream Cleanser ,Vitamin E,For dehydrated skin,['250 ML'],['$21.00'],4.7 out of 5 stars,79% would recommend this to a friend ,"Aqua, Ethylhexyl Palmitate, Isohexadecane, Sorbitol, Dimethicone, Sorbitan Stearate, Triticum Vulgare Germ Oil, Glycine Soja Oil, Phenoxyethanol, Glyceryl Stearate, PEG-100 Stearate, Cetearyl Alcohol, Tocopheryl Acetate, Butyrospermum Parkii Butter, Acrylates/C10-30 Alkyl Acrylate Crosspolymer, Parfum, Ethylhexylglycerin, Sodium Hydroxide, Benzyl Benzoate, Disodium EDTA, Geraniol, Linalool, Limonene, Citronellol, Citric Acid."
17,Vitamin E Hydrating Toner ,Cleansers & Toners,For all skin types,['250 ML'],['$21.00'],4.8 out of 5 stars,85% would recommend this to a friend ,"Aqua, Glycerin, PPG-26-Buteth-26, PEG-40 Hydrogenated Castor Oil, Phenoxyethanol, Polysorbate 20, Diglycerin, Tocopheryl Acetate, Potassium Sorbate, Carbomer, Xanthan Gum, Disodium EDTA, Triticum Vulgare Germ Oil, Parfum, Benzyl Benzoate, Sodium Hydroxide, Citric Acid, Benzyl Alcohol, Hydroxycitronellal, Limonene, Geraniol, Linalool, Citronellol, Cinnamyl Alcohol."
18,Aloe Calming Cream Cleanser ,Cleansers & Toners,For sensitive skin,['250 ML'],['$21.00'],4.6 out of 5 stars,80% would recommend this to a friend ,"Aqua, Pentylene Glycol, Butylene Glycol, Caprylic/Capric Triglyceride, Sorbitol, Glycerin, Glyceryl Stearate Citrate, Propanediol, Cetearyl Alcohol, Glyceryl Stearate, Dimethicone, Butyrospermum Parkii Butter, Orbignya Oleifera Seed Oil, Caprylyl Glycol, Xanthan Gum, Acrylates/C10-30 Alkyl Acrylate Crosspolymer, Disodium Phosphate, Aloe Barbadensis Leaf Juice Powder, Citric Acid, PEG-30 Dipolyhydroxystearate, Sodium Hydroxide, Trideceth-6."
19,Tea Tree Skin Clearing Foaming Cleanser ,Cleansers & Toners,"For oily, blemished skin",['150 ML'],['$17.00'],4.7 out of 5 stars,85% would recommend this to a friend ,"Aqua, Cocamidopropyl Betaine, Polysorbate 20, Coco-Glucoside, PEG-40 Hydrogenated Castor Oil, Salix Alba Bark Extract, Sodium Chloride, Melaleuca Alternifolia Leaf Oil, Glycerin, Calophyllum Inophyllum Seed Oil, Myristamidopropyl PG-Dimonium Chloride Phosphate, PVP, p-Anisic Acid, Sodium Hydroxide, Menthol, Leptospermum Petersonii Oil, Citral, Limonene, Tocopherol, Citric Acid."
20,Roots of Strength™ Firming Shaping Essence Lotion ,Serums & Essences,Natural finish,['160 ML'],[],4.6 out of 5 stars,79% would recommend this to a friend ,"Aqua / Water / Eau, Glycerin, Propylene Glycol, Dipropylene Glycol, Butylene Glycol, Phenoxyethanol, PEG-60 Hydrogenated Castor Oil, Arginine, Chlorphenesin, PEG-20, Salicylic Acid, Ruscus Aculeatus Root Extract, Sodium Hyaluronate, Xanthan Gum, Parfum / Fragrance, Phospholipids, Zingiber Officinale Root Extract / Ginger Root Extract, Disodium EDTA, Adenosine, Panax Ginseng Root Extract, Glycine Soja Oil / Soybean Oil, Tocopherol, Limonene, Citral, Linalool, Geraniol, Citric Acid."
21,Vitamin E Gel Moisture Cream ,Moisturisers,For dehydrated skin,['50 ML'],['$27.00'],4.2 out of 5 stars,76% would recommend this to a friend ,"Aqua/Water/Eau, Butylene Glycol, Alcohol Denat., Glycerin, Carbomer, Polyglyceryl-4 Caprate, Phenoxyethanol, Caprylyl Glycol, Tocopheryl Acetate, Sodium Hydroxide, Sodium Hyaluronate, Parfum/Fragrance, Salicylic Acid, Trisodium Ethylenediamine Disuccinate, Benzyl Benzoate, Rubus Idaeus Juice/Rubus Idaeus (Raspberry) Juice, Benzyl Alcohol, Geraniol, Linalool, Limonene, Hydroxycitronellal, Sodium Benzoate, Alpha-Isomethyl Ionone, Potassium Sorbate, CI 14700/Red 4."
22,Mediterranean Almond Milk with Oats Instant Soothing Mask ,Face Masks,For sensitive skin,['75 ML'],['$37.00'],4.7 out of 5 stars,87% would recommend this to a friend ,"Aqua / Water / Eau, Olea Europaea Fruit Oil / Olive Fruit Oil, Glycerin, Propanediol, Avena Sativa Kernel Meal / Oat Kernel Meal, Cetearyl Alcohol, Butyrospermum Parkii Butter / Butyrospermum Parkii (Shea) Butter, Betaine, Lactobacillus Ferment Lysate, Sodium Polyacrylate, Carrageenan, Benzyl Alcohol, Jojoba Esters, Levulinic Acid, Parfum / Fragrance, Sodium Dehydroacetate, Sodium Stearoyl Glutamate, Sodium Levulinate, Tocopherol, Bisabolol, Aloe Barbadensis Leaf Juice Powder, Trisodium Ethylenediamine Disuccinate, Leuconostoc/Radish Root Ferment Filtrate, Citric Acid, Helianthus Annuus Seed Oil / Sunflower Seed Oil, Prunus Amygdalus Dulcis Seed Extract / Sweet Almond Seed Extract, Xanthan Gum, Sodium Hydroxide, Dehydroacetic Acid."
23,Hemp Overnight Nourishing Rescue Mask ,Face Masks,For dry skin,['75 ML'],['$37.00'],4.6 out of 5 stars,81% would recommend this to a friend ,"Aqua/Water/Eau, Glycerin, Coco-Caprylate/Caprate, Myristyl Myristate, Cetearyl Alcohol, Hydrogenated Vegetable Oil, Glyceryl Stearate, PEG-100 Stearate, Cannabis Sativa Seed Oil, Panthenol, Phenoxyethanol, Caprylyl Glycol, Parfum/Fragrance, Ethylhexylglycerin, Xanthan Gum, Sodium Hyaluronate, Caprylic/Capric Triglyceride, Trisodium Ethylenediamine Disuccinate, Aloe Barbadensis Leaf Juice Powder, Limonene, Linalool, Citric Acid, Tocopherol, Geraniol, Undaria Pinnatifida Extract, Citral, CI 77288/Chromium Oxide Greens, CI 19140/Yellow 5."
24,Nicaraguan Coffee Intense Awakening Mask ,Face Masks,For dull skin,"['15 ML', '75 ML']","['$37.00', '$10.00']",4.6 out of 5 stars,82% would recommend this to a friend ,"Glycerin, Polysorbate 20, Glyceryl Stearate, PEG-100 Stearate, Propylene Glycol, Sodium Chloride, Isopropyl Palmitate, Euglena Gracilis Extract, Sucrose, Coffea Arabica Seed Powder/Coffea Arabica (Coffee) Seed Powder, Parfum/Fragrance, Sesamum Indicum Seed Oil/Sesamum Indicum (Sesame) Seed Oil, Theobroma Cacao Seed Butter/Theobroma Cacao (Cocoa) Seed Butter, Butyrospermum Parkii Butter/Butyrospermum Parkii (Shea) Butter, Xanthan Gum, Aqua/Water/Eau, Caffeine, Phenoxyethanol, Potassium Sorbate, Tocopherol, Biotin, Citric Acid, Caramel."
25,Chinese Ginseng & Rice Clarifying Polishing Mask ,Face Masks,For dull skin,"['15 ML', '75 ML']","['$37.00', '$10.00']",4.7 out of 5 stars,89% would recommend this to a friend ,"Aqua/Water/Eau, Glycerin, Luffa Cylindrica Fruit, Kaolin, Cetyl Alcohol, Sesamum Indicum Seed Oil/Sesamum Indicum (Sesame) Seed Oil, Argilla/Magnesium Aluminum Silicate, Glyceryl Stearate, PEG-100 Stearate, Alcohol Denat., Decyl Glucoside, Perlite, Butyrospermum Parkii Butter/Butyrospermum Parkii (Shea) Butter, Propylene Glycol, Parfum/Fragrance, Phenoxyethanol, Tocopheryl Acetate, Salicylic Acid, Xanthan Gum, Limonene, Sodium Benzoate, Trisodium Ethylenediamine Disuccinate, Citric Acid, Menthol, Panax Ginseng Root Extract, Citral, Citronellol, Linalool, Menthoxypropanediol, Tetrasodium Pyrophosphate, Eugenol, Dextrin, Oryza Sativa Extract, CI 77891/Titanium Dioxide."
26,Roots of Strength™ Firming Shaping Serum ,Serums & Essences,For mature skin,['30 ML'],[],4.7 out of 5 stars,82% would recommend this to a friend ,"Aqua/Water/Eau, Glycerin, Dicaprylyl Carbonate, Alcohol Denat., Acacia Senegal Gum, Glyceryl Stearate, Mannose, Microcrystalline Cellulose, Benzyl Alcohol, Zea Mays Starch/Corn Starch, Glycine Soja Oil/Soybean Oil, Carrageenan, Parfum/Fragrance, Arginine, Salicylic Acid, Cellulose Gum, Ruscus Aculeatus Root Extract, Sodium Hyaluronate, Xanthan Gum, Zingiber Officinale Root Extract/Ginger Root Extract, Phospholipids, Adenosine, Panax Ginseng Root Extract, Limonene, Linalool, Citral, Tocopherol, Geraniol, Citronellol, Citric Acid."
27,Japanese Matcha Tea Pollution Clearing Mask ,Face Masks,For congested skin,"['15 ML', '75 ML']","['$37.00', '$10.00']",4.6 out of 5 stars,86% would recommend this to a friend ,"Aqua, Kaolin, Propanediol, Olea Europaea Fruit Oil, Glycerin, Cetearyl Alcohol, Luffa Cylindrica Fruit, Butyrospermum Parkii Butter, Glyceryl Stearate, PEG-100 Stearate, Phenoxyethanol, Parfum, Caprylyl Glycol, Polysorbate 60, Sodium Polyacrylate, Prunus Armeniaca Seed Powder, Acrylates/C10-30 Alkyl Acrylate Crosspolymer, Aloe Barbadensis Leaf Juice Powder, Tocopherol, Trisodium Ethylenediamine Disuccinate, Butyl Methoxydibenzoylmethane, Taraxacum Officinale Rhizome/Root Extract, Menthol, Sodium Hydroxide, Tetrasodium Pyrophosphate, Limonene, Citric Acid, Camellia Sinensis Leaf Extract, Ethylhexylglycerin, Sodium Benzoate, Potassium Sorbate, Caramel, CI 19140, CI 42090."
28,Vitamin E Sink In Moisture Sleeping Mask ,Vitamin E,For dehydrated skin,['100 ML'],['$27.00'],4.7 out of 5 stars,85% would recommend this to a friend ,"Aqua, Glycerin, Cyclohexasiloxane, Propylene Glycol, Oryza Sativa Bran Oil, Gossypium Herbaceum Seed Oil, Triticum Vulgare Germ Oil, Glycine Soja Oil, Diglycerin, Methyl Gluceth-20, Phenoxyethanol, Acrylates/C10-30 Alkyl Acrylate Crosspolymer, Panthenol, Tocopheryl Acetate, Benzyl Alcohol, Lecithin, Sodium Hydroxide, Parfum, Benzyl Benzoate, Disodium EDTA, Methylparaben, Hydroxycitronellal, Butylparaben, Ethylparaben, Limonene, Geraniol, Linalool, Propylparaben, Citronellol, Cinnamyl Alcohol, Alpha-Isomethyl Ionone, Citric Acid, CI 14700."
29,British Rose Fresh Plumping Mask ,Face Masks,For dehydrated skin,"['15 ML', '75 ML']","['$37.00', '$10.00']",4.4 out of 5 stars,76% would recommend this to a friend ,"Aqua, Glycerin, Propanediol, PPG-26-Buteth-26, PEG-32, PEG-40 Hydrogenated Castor Oil, Alcohol Denat., Phenoxyethanol, Carbomer, Rosa Gallica Flower  Powder, Parfum, Sodium Hydroxide, Caprylhydroxamic Acid, Rosa Canina Fruit Oil, Methylpropanediol, Aloe Barbadensis Leaf Juice Powder, Disodium EDTA, Rose Extract, Benzyl Salicylate, Menthoxypropanediol, Limonene, Citronellol, Geraniol, Alpha-Isomethyl Ionone, Citric Acid, Sodium Benzoate, Potassium Sorbate, CI 14700."
30,Seaweed Pore-Cleansing Exfoliator ,Exfoliators & Peels,For combination and oily skin,['100 ML'],['$27.00'],4.8 out of 5 stars,85% would recommend this to a friend ,"Aqua/Water/Eau, Sodium Laureth Sulfate, Olea Europaea Seed Powder/Olea Europaea (Olive) Seed Powder, Acrylates Copolymer, Lauryl Betaine, Glycerin, Propanediol, Hydrogenated Jojoba Oil, Pentylene Glycol, Phenoxyethanol, Sodium Chloride, Parfum/Fragrance, Phenethyl Alcohol, Sodium Hydroxide, Propylene Glycol, Luffa Cylindrica Fruit, Glyceryl Caprylate, Fucus Vesiculosus Extract, Disodium EDTA, Linalool, Benzyl Salicylate, Benzyl Alcohol, Citric Acid."
31,Drops of Light™ Pure Resurfacing Liquid Peel ,Exfoliators & Peels,For dull skin,['145 ML'],['$37.00'],4.5 out of 5 stars,79% would recommend this to a friend ,"Aqua, Alcohol Denat., Propylene Glycol, Glycerin, Carbomer, PPG-26-Buteth-26, Palmitamidopropyltrimonium Chloride, PEG-40 Hydrogenated Castor Oil, Quaternium-80, 3-O-Ethyl Ascorbic Acid, Parfum, Sclerocarya Birrea Seed Oil, Behentrimonium Chloride, Palmaria Palmata Extract, Cetrimonium Chloride, Isopropyl Alcohol, Linalool, Phenoxyethanol."
32,Tea Tree Skin Clearing Mattifying Toner ,Cleansers & Toners,"For oily, blemished skin","['250 ML', '400 ML']","['$21.00', '$17.00']",4.7 out of 5 stars,85% would recommend this to a friend ,"Aqua/Water/Eau, Alcohol Denat., Tapioca Starch Polymethylsilsesquioxane, Caprylyl Glycol, PEG-40 Hydrogenated Castor Oil, Hamamelis Virginiana Water/Hamamelis Virginiana (Witch Hazel) Water, Glycerin, Salix Alba Bark Extract/Salix Alba (Willow) Bark Extract, Melaleuca Alternifolia Leaf Oil/Melaleuca Alternifolia (Tea Tree) Leaf Oil, Alcohol, Allantoin, Calophyllum Inophyllum Seed Oil, Sodium Hydroxide, Limonene, Citral, Citronellol, Leptospermum Petersonii Oil, Caramel, CI 19140/Yellow 5, CI 42090/Blue 1."
33,Vitamin E Night Cream ,Vitamin E,For all skin types,['50 ML'],['$30.00'],4.6 out of 5 stars,73% would recommend this to a friend ,"Aqua/Water/Eau, Butylene Glycol, Isocetyl Stearate, Cetyl Alcohol, Coco-Caprylate/Caprate, Isopropyl Palmitate, Glycerin, Cetearyl Alcohol, Glycine Soja Oil/Glycine Soja (Soybean) Oil, Myristyl Myristate, Glyceryl Stearate, PEG-100 Stearate, Caprylic/Capric Triglyceride, Theobroma Cacao Seed Butter/Theobroma Cacao (Cocoa) Seed Butter, Phenoxyethanol, Caprylyl Glycol, Rubus Idaeus Seed Oil/Rubus Idaeus (Raspberry) Seed Oil, Tocopheryl Acetate, Carbomer, Panthenol, Parfum/Fragrance, Sodium Stearoyl Glutamate, Trisodium Ethylenediamine Disuccinate, Sodium Hydroxide, Sodium Hyaluronate, Benzyl Benzoate, Benzyl Alcohol, Geraniol, Linalool, Limonene, Hydroxycitronellal, Alpha-Isomethyl Ionone, Citric Acid, CI 14700/Red 4, CI 19140/Yellow 5."
34,Guarana & Coffee Energising Moisturiser for Men ,Moisturisers,For dry skin,['100 ML'],['$27.00'],4.2 out of 5 stars,68% would recommend this to a friend ,"Aqua/Water/Eau, Propanediol, Neopentyl Glycol Diheptanoate, Bertholletia Excelsa Seed Oil, Orbignya Oleifera Seed Oil, Triticum Vulgare Germ Oil/Wheat Germ Oil, Sodium Acrylate/Sodium Acryloyldimethyl Taurate Copolymer, Ammonium Acryloyldimethyltaurate/VP Copolymer, Phenoxyethanol, Parfum/Fragrance, Caprylyl Glycol, Isohexadecane, Carthamus Tinctorius Seed Oil/Safflower Seed Oil, Tocopheryl Acetate, Aloe Barbadensis Leaf Juice Powder, Citric Acid, Silica Silylate, Panthenol, Polysorbate 80, Glycerin, Paullinia Cupana Seed Extract, Limonene, Sorbitan Oleate, Trisodium Ethylenediamine Disuccinate, Hydrolyzed Lepidium Meyenii Root, Sodium Hydroxide, t-Butyl Alcohol, Citral, 1,2-Hexanediol, Coffea Arabica Seed Extract/Coffee Seed Extract, Linalool, Capryloyl Glycine, Sodium Benzoate, Geraniol, Potassium Sorbate, CI 42090/Blue 1."
35,Green Tea & Lemon Mattifying Moisturiser for Men ,Moisturisers,Matte finish,['100 ML'],['$27.00'],4.2 out of 5 stars,75% would recommend this to a friend ,"Aqua/Water/Eau, Glycerin, Butylene Glycol, Phenoxyethanol, PEG-8, PEG-40 Hydrogenated Castor Oil, Caprylyl Glycol, Carbomer, Parfum/Fragrance, Isononyl Isononanoate, Sodium Hydroxide, Limonene, Ammonium Acryloyldimethyltaurate/VP Copolymer, Glyceryl Acrylate/Acrylic Acid Copolymer, Aloe Barbadensis Leaf Juice Powder, Butyl Methoxydibenzoylmethane, Trisodium Ethylenediamine Disuccinate, Linalool, Camellia Sinensis Leaf Extract, Hydroxycitronellal, Citronellol, Citrus Limon Juice/Lemon Juice, t-Butyl Alcohol, Geraniol, Citral, Sodium Benzoate, Citric Acid, Potassium Sorbate, CI 19140/Yellow 5, CI 42090/Blue 2"
36,Drops of Light™ Pure Healthy Brightening Eye Cream ,Eye Care,For dull skin,['15 ML'],['$39.00'],4.0 out of 5 stars,66% would recommend this to a friend ,"Aqua / Water / Eau, C12-15 Alkyl Benzoate, Butylene Glycol, Glycerin, Ethylhexyl Palmitate, Butyrospermum Parkii Butter / Shea Butter, Tapioca Starch, Glyceryl Stearate, PEG-100 Stearate, Dimethicone, Cetearyl Alcohol, Isononyl Isononanoate, Neopentyl Glycol Diheptanoate, 3-O-Ethyl Ascorbic Acid, Pentylene Glycol, Sclerocarya Birrea Seed Oil, Glyceryl Stearate SE, Phenoxyethanol, Acrylates/C10-30 Alkyl Acrylate Crosspolymer, Caprylyl Glycol, Tocopherol, Glycine Soja Oil / Soybean Oil, Aloe Barbadensis Leaf Juice Powder, Trisodium Ethylenediamine Disuccinate, Sodium Hydroxide, Xanthan Gum, Palmaria Palmata Extract, Sodium Hyaluronate, Polymethylsilsesquioxane, Niacinamide, Fraxinus Excelsior Bark Extract, Glycolic Acid, Glycyrrhiza Glabra Root Extract / Licorice Root Extract, Potassium Citrate, Silanetriol, Citric Acid."
37,Roots of Strength™ Firming Shaping Day Cream ,Moisturisers,Creamy finish,['50 ML'],[],4.8 out of 5 stars,82% would recommend this to a friend ,"Aqua/Water/Eau, Glycerin, Dicaprylyl Ether, Butylene Glycol, Isopropyl Isostearate, Cetyl Alcohol, Behenyl Alcohol, Silica, Cyclohexasiloxane, Carbomer, Ammonium Acryloyldimethyltaurate/VP Copolymer, Phenoxyethanol, Glycine Soja Oil/Glycine Soja (Soybean) Oil, Cetearyl Alcohol, Poloxamer 338, Stearic Acid, Palmitic Acid, Phospholipids, Parfum/Fragrance, Disodium Stearoyl Glutamate, Caprylyl Glycol, Sodium Hydroxide, PEG-100 Stearate, Salicylic Acid, Chlorphenesin, Panax Ginseng Root Extract, Acrylonitrile/Methyl Methacrylate/Vinylidene Chloride Copolymer, PEG-12 Dimethicone, Polysilicone-11, Cetearyl Glucoside, Ruscus Aculeatus Root Extract, Sodium Hyaluronate, Pentylene Glycol, Secale Cereale Seed Extract/Secale Cereale (Rye) Seed Extract, Zingiber Officinale Root Extract/Zingiber Officinale (Ginger) Root Extract, Disodium EDTA, Adenosine, Myristic Acid, Isobutane, t-Butyl Alcohol, Limonene, Linalool, Citral, Geraniol, Tocopherol, Citronellol, BHT, Citric Acid."
38,Oils of Life™ Intensely Revitalising Facial Oil ,Serums & Essences,"For dull, dry-looking skin","['30 ML', '50 ML']","['$59.00', '$79.00']",4.7 out of 5 stars,83% would recommend this to a friend ,"Caprylic/Capric Triglyceride, Olea Europaea Fruit Oil, Simmondsia Chinensis Seed Oil, Camelina Sativa Seed Oil, Rosa Canina Fruit Oil, Camellia Oleifera Seed Oil, Nigella Sativa Seed Oil, Parfum, Tocopherol, Pentaerythrityl Tetra-Di-t-Butyl Hydroxyhydrocinnamate, Limonene, Linalool, Citronellol, Geraniol, Pelargonium Graveolens Flower Oil, Rosmarinus Officinalis Leaf Oil, Origanum Majorana Leaf Oil, Anthemis Nobilis Flower Oil, Coumarin, Lavandula Angustifolia Oil, Lavandula Hybrida Oil, Citral, Citrus Aurantium Dulcis Peel Oil."
39,Drops of Light™ Brightening Serum ,Serums & Essences,"For dull, uneven skin tone",['30 ML'],['$52.00'],4.2 out of 5 stars,68% would recommend this to a friend ,"Aqua/Water/Eau, Butylene Glycol, Glycerin, PEG-20, Methyl Gluceth-20, Alcohol Denat., 3-O-Ethyl Ascorbic Acid, Aloe Barbadensis Leaf Juice Powder, Hydrolyzed Soy Flour, PEG-60 Hydrogenated Castor Oil, Rosa Centifolia Extract /Rosa Centifolia Flower Extract, Potassium Hydroxide, Sodium Citrate, Sodium Hyaluronate, Palmaria Palmata Extract, Disodium EDTA, Propylene Glycol, Hydroxyethylcellulose, Caprylyl Glycol, Citric Acid, Xanthan Gum, Pentylene Glycol, Sodium Benzoate, Salicylic Acid, Phenoxyethanol, Linalool, Parfum/Fragrance."
40,Vitamin C Energising Face Mist ,Mists,For dull skin,['100 ML'],['$21.00'],4.5 out of 5 stars,78% would recommend this to a friend ,"Aqua/Water/Eau, Butylene Glycol, Polysorbate 20, Glycerin, Phenoxyethanol, PEG-40 Hydrogenated Castor Oil, Sodium Benzoate, Magnesium Ascorbyl Phosphate, Sodium Citrate, Sodium Gluconate, Parfum/Fragrance, Disodium EDTA, Aloe Barbadensis Leaf Juice Powder, Linalool, Limonene, Citric Acid, Benzyl Benzoate, Myrciaria Dubia Fruit Extract, Citral, Hexyl Cinnamal, Citronellol."
41,Vitamin E Eye Cream ,Eye Care,For all skin types,['15 ML'],['$27.00'],4.5 out of 5 stars,75% would recommend this to a friend ,"Aqua, Glycerin, Diheptyl Succinate, Rosa Canina Fruit Oil, Glyceryl Stearate, Panthenol, Tocopheryl Acetate, Mica, Methyl Glucose Sesquistearate, Phenoxyethanol, Caprylyl Glycol, Butyrospermum Parkii Butter, Acrylates/C10-30 Alkyl Acrylate Crosspolymer, Chondrus Crispus Powder, Capryloyl Glycerin/Sebacic Acid Copolymer, Sodium Hydroxide, Sodium Hyaluronate, Disodium EDTA, Chlorphenesin, Propylene Glycol, Sodium Dehydroacetate, Citric Acid, CI 77891."
42,Tea Tree Skin Clearing Clay Mask ,Face Masks,"For oily, blemished skin",['100 ML'],['$27.00'],4.7 out of 5 stars,89% would recommend this to a friend ,"Aqua (Solvent/Diluent), Kaolin (Absorbent), Cetearyl Alcohol (Emulsifier), Glycerin (Humectant), Myristyl Myristate (Emollient), Glyceryl Stearate (Emulsifier), PEG-100 Stearate (Surfactant), Ethylhexyl Palmitate (Skin Conditioning Agent), Propanediol (Viscosity Modifier), Alcohol Denat. (Solvent/Diluent), Caprylyl Glycol (Skin Conditioning Agent), Cyclopentasiloxane (Skin-Conditioning Agent/Emollient), Calophyllum Inophyllum Seed Oil (Skin Conditioning Agent), Melaleuca Alternifolia Leaf Oil (Natural Additive), Cyclohexasiloxane (Chelating Agent), Xanthan Gum (Viscosity Modifier), Disodium EDTA (Chelating Agent), Menthol (Cooling Agent), Limonene (Natural Additive), Leptospermum Petersonii Oil (Natural Additive), t-Butyl Alcohol (Denaturant), Denatonium Benzoate (Denaturant), Tocopherol (Antioxidant), CI 77289 (Colour), CI 77492 (Colour)."
43,Aloe Calm Hydration Sheet Mask ,Face Masks,For dry skin,['18 ML'],['$8.00'],4.5 out of 5 stars,75% would recommend this to a friend ,"Aqua/Water/Eau, Glycerin, Hydrogenated Starch Hydrolysate, Butylene Glycol, Propanediol, Polysorbate 20, Benzyl Alcohol, Salicylic Acid, Carbomer, Trisodium Ethylenediamine Disuccinate, Sodium Hydroxide, Aloe Barbadensis Leaf Juice Powder, Citric Acid, Cucumis Sativus Fruit Extract/Cucumis Sativus (Cucumber) Fruit Extract, Potassium Sorbate, Xanthan Gum."
44,Oils of Life™ Intensely Revitalising Bi-Phase Essence Lotion ,Serums & Essences,For aging skin,['160 ML'],['$35.00'],4.5 out of 5 stars,74% would recommend this to a friend ,"Aqua, Propanediol, Undecane, Panthenol, Glycerin, Tridecane, Sesamum Indicum Seed Oil, Sodium Chloride, Rosa Canina Fruit Oil, Camellia Oleifera Seed Oil, Betaine, Alcohol Denat., Sodium Benzoate, Caprylhydroxamic Acid, Parfum, Nigella Sativa Seed Oil, Potassium Sorbate, Disodium EDTA, Linalool, Terminalia Ferdinandiana Fruit Extract, Limonene, Mauritia Flexuosa Fruit Oil, Geraniol, Citronellol, Tocopherol, Citric Acid, Helianthus Annuus Seed Oil."
45,Tea Tree Daily Anti-Imperfection Solution ,Serums & Essences,"For oily, blemished skin",['50 ML'],['$30.00'],4.7 out of 5 stars,89% would recommend this to a friend ,"Aqua/Water/Eau, Alcohol Denat., Propanediol, PPG-26-Buteth-26, Phenoxyethanol, PEG-40 Hydrogenated Castor Oil, Melaleuca Alternifolia Leaf Oil/Melaleuca Alternifolia (Tea Tree) Leaf Oil, Caprylyl Glycol, Ammonium Acryloyldimethyltaurate/VP Copolymer, Salicylic Acid, Xanthan Gum, Calophyllum Inophyllum Seed Oil, Disodium EDTA, Medicago Sativa Extract/Medicago Sativa (Alfalfa) Extract, Potassium Hydroxide, Aloe Barbadensis Leaf Juice Powder, Limonene, Sodium Hyaluronate, Citral, t-Butyl Alcohol, Sodium Benzoate, Citronellol, Leptospermum Petersonii Oil, Tocopherol."
46,Aloe Calming Toner ,Cleansers & Toners,For sensitive skin,['250 ML'],['$21.00'],4.7 out of 5 stars,86% would recommend this to a friend ,"Aqua, Pentylene Glycol, Sorbitol, Butylene Glycol, Glycerin, Propanediol, Polysorbate 20, Caprylyl Glycol, Aloe Barbadensis Leaf Juice Powder, Citric Acid, Sodium Hydroxide."
47,Vitamin C Glow Boosting Moisturiser ,Moisturisers,"FOR DULL, TIRED SKIN",['50 ML'],['$37.00'],4.6 out of 5 stars,80% would recommend this to a friend ," Aqua/Water/Eau, Alcohol Denat., Glycerin, Propanediol, Ammonium Acryloyldimethyltaurate/VP Copolymer, Ethyl Macadamiate, Isostearyl Lactate, Phenoxyethanol, Isopropyl Alcohol, Parfum/Fragrance, Sesamum Indicum Seed Oil/Sesamum Indicum (Sesame) Seed Oil, Limonene, Sodium Hyaluronate, Tetrahexyldecyl Ascorbate, Disodium EDTA, Benzyl Salicylate, Hexyl Cinnamal, Linalool, Aloe Barbadensis Leaf Juice Powder, Myrciaria Dubia Fruit Extract, Sodium Hydroxide, Citral, Tocopherol, Malic Acid, CI 15510/Orange 4, CI 15985/Yellow 6."
48,Vitamin C Glow Sheet Mask ,Face Masks,For dry skin,['18 ML'],['$8.00'],4.6 out of 5 stars,80% would recommend this to a friend ,"Aqua/Water/Eau, Alcohol Denat., Glycerin, Propanediol, Sodium Citrate, Benzyl Alcohol, PPG-26-Buteth-26, Citric Acid, PEG-40 Hydrogenated Castor Oil, Salicylic Acid, Sodium Gluconate, 3-O-Ethyl Ascorbic Acid, Tocopheryl Acetate, Xanthan Gum, Trisodium Ethylenediamine Disuccinate, Sodium Hydroxide, Sodium Hyaluronate, Parfum/Fragrance, Aloe Barbadensis Leaf Juice Powder, Myrciaria Dubia Fruit Extract, Linalool, Limonene, Benzyl Benzoate."
49,Bath Lily ,Accessories & Tools,Gentle exfoliation,['1 Piece'],['$6.00'],3.6 out of 5 stars,49% would recommend this to a friend ,.
50,Vitamin E Quench Sheet Mask ,Face Masks,For dry skin,['18 ML'],['$8.00'],4.4 out of 5 stars,75% would recommend this to a friend ,"Aqua/Water/Eau, Alcohol Denat., Glycerin, Propanediol, Benzyl Alcohol, Salicylic Acid, PPG-26-Buteth-26, Tocopheryl Acetate, Triticum Vulgare Germ Oil/Triticum Vulgare (Wheat) Germ Oil, Argania Spinosa Kernel Oil, Trisodium Ethylenediamine Disuccinate, Acrylates/C10-30 Alkyl Acrylate Crosspolymer, Sodium Hydroxide, Sodium Acrylate/Sodium Acryloyldimethyl Taurate Copolymer, PEG-40 Hydrogenated Castor Oil, Sodium Hyaluronate, Xanthan Gum, Isohexadecane, Aloe Barbadensis Leaf Juice Powder, Parfum/Fragrance, Polysorbate 80, Benzyl Benzoate, PEG-30 Dipolyhydroxystearate, Sorbitan Oleate, Trideceth-6, Hydroxycitronellal, Limonene, Geraniol, Linalool."
51,Oils Of Life™ Intensely Revitalising Cream ,Moisturisers,FOR MATURE SKIN,['50 ML'],['$52.00'],4.7 out of 5 stars,74% would recommend this to a friend ,"Aqua/Water/Eau, Coco-Caprylate/Caprate, Glycerin, Caprylic/Capric Triglyceride, Glyceryl Stearate,
Octyldodecanol, Tapioca Starch, Butyrospermum Parkii Butter/Butyrospermum Parkii (Shea) Butter, Cetyl Alcohol, Methylheptyl
Isostearate, Olea Europaea Fruit Oil/Olea Europaea (Olive) Fruit Oil, Phenoxyethanol, Sorbitan Tristearate, Rosa Canina Fruit Oil,
Squalane, Camellia Oleifera Seed Oil, Carbomer, Caprylyl Glycol, Sclerotium Gum, Mica, Parfum/Fragrance, Tocopherol,
Adenosine, Nigella Sativa Seed Oil, Sodium Hyaluronate, Sodium Hydroxide, Glycine Soja Protein/Glycine Soja (Soybean) Protein,
Xanthan Gum, Sodium Gluconate, Linalool, Limonene, Citronellol, Geraniol, Tin Oxide, Citric Acid, CI 77891/Titanium Dioxide, CI
19140/Yellow 5, CI 14700/Red 4."
52,Maca Root & Aloe Softening Shaving Cream For Men ,Men's Grooming,For rough skin,['200 ML'],['$21.00'],4.8 out of 5 stars,81% would recommend this to a friend ,"Aqua/Water/Eau, Stearic Acid, Myristic Acid, Potassium Hydroxide, Coconut Acid, Glycerin, Triethanolamine, Parfum/Fragrance, Phenethyl Alcohol, Panthenol, Caprylyl Glycol, Sodium Hydroxide, Creatine, Sesamum Indicum Seed Oil/Sesame Seed Oil, Bertholletia Excelsa Seed Oil, Aloe Barbadensis Leaf Juice Powder, Tetrasodium EDTA, Hydrolyzed Lepidium Meyenii Root, Citric Acid, 1,2-Hexanediol, Capryloyl Glycine."
53,Vitamin C Glow Cleansing Polish ,Exfoliators & Peels," FOR DULL, TIRED SKIN",['100 ML'],['$27.00'],4.6 out of 5 stars,82% would recommend this to a friend ,"Acrylates/C10-30 Alkyl Acrylate Crosspolymer, Aloe Barbadensis Leaf Juice Powder, Aqua/Water/Eau, Benzyl Alcohol, Citric Acid, Cocamidopropyl Betaine, Coco-Glucoside, Disodium EDTA, Linalool, Limonene, Benzyl Benzoate, Glycerin, Jojoba Esters, Magnesium Ascorbyl Phosphate, Myrciaria Dubia Fruit Extract, Parfum/Fragrance, Perlite, Phenoxyethanol, Sodium Benzoate, Sodium Chloride, Sodium Citrate, Sodium Gluconate, Sodium Hydroxide, Sodium Laureth Sulfate, Xanthan Gum, CI 73360/Red 30 Lake, CI 77492/Iron Oxides."
54,Vitamin C Glow Revealing Serum   ,Serums & Essences,"FOR DULL, TISKIN",['30 ML'],['$52.00'],4.5 out of 5 stars,84% would recommend this to a friend ,"Propanediol, Alcohol Denat., Aqua/Water/Eau, Glycerin, 3-O-Ethyl Ascorbic Acid, Propylene Carbonate, Hydroxypropylcellulose, Parfum/Fragrance, Linalool, Palmaria Palmata Extract, Limonene, Geraniol, Bakuchiol, Benzyl Benzoate, Phenoxyethanol, Citral, Citronellol, Hexyl Cinnamal, Benzyl Alcohol."
55,Edelweiss Daily Serum Concentrate ,Serums & Essences,FOR SMOOTHER-LOOKING SKIN,"['30 ML', '50 ML']","['$55.00', '$75.00']",4.6 out of 5 stars,84% would recommend this to a friend ,"Aqua/Water/Eau, Glycerin, Propanediol, Alcohol Denat., Sodium Hyaluronate, Benzyl Alcohol, Xanthan Gum, Salicylic Acid, Fagus Sylvatica Bud Extract, Sodium Hydroxide, Parfum/Fragrance, Adenosine, Leontopodium Alpinum Flower/Leaf Extract, Linalool, Citronellol, Moringa Oleifera Seed Oil, Malva Sylvestris Flower/Leaf/Stem Extract, Pentylene Glycol, Hydrolyzed Rice Protein, Buddleja Officinalis Flower Extract, Benzoic Acid, Citric Acid, Potassium Sorbate, Sodium Benzoate, Sorbic Acid, Limonene, Leontopodium Alpinum Callus Culture Extract."
56,Facial Buffer ,Beauty tools,For dry skin,['1 Piece'],['$8.00'],4.6 out of 5 stars,76% would recommend this to a friend ,.
57,Oils Of Life™ Sleeping Cream ,Night Care,"For tired, dehydrated skin",['80 ML'],['$59.00'],4.8 out of 5 stars,67% would recommend this to a friend ,"Aqua, Glycerin, Pentaerythritol Pentaerythrityl Tetraethylhexanoate, Dimethicone, Alcohol Denat., Ammonium Acryloyldimethyltaurate/VP Copolymer, Fagus Sylvatica Bud Extract, Phenoxyethanol, Caprylyl Glycol, Dimethiconol, Mannose, Xanthan Gum, Sodium Hyaluronate, Nigella Sativa Seed Oil, Olea Europaea Fruit Oil, Rosa Canina Fruit Oil, Camellia Oleifera Seed Oil, Disodium EDTA, Adenosine, Parfum, t-Butyl Alcohol, Limonene, Linalool, Citronellol, Geraniol, Pelargonium Graveolens Flower Oil, Rosmarinus Officinalis Leaf Oil, Benzoic Acid, Origanum Majorana Leaf Oil, Sodium Hydroxide, Anthemis Nobilis Flower Oil, Coumarin, Sorbic Acid, Lavandula Angustifolia Oil, Lavandula Hybrida Oil, Citrus Aurantium Dulcis Peel Oil, Tocopherol, CI 19140, CI 14700."
58,Tea Tree Skin Clearing Body Wash ,Shower Gels,"For oily, blemished skin",['250 ML'],['$13.00'],4.7 out of 5 stars,83% would recommend this to a friend ,"Aqua/Water (Solvent/Diluent), Sodium Laureth Sulfate (Surfactant), PEG-40 Hydrogenated Castor Oil (Emulsifier), Polysorbate 20 (Emulsifier), Cocamidopropyl Betaine (Surfactant), Sodium Chloride (Viscosity Modifier), PEG-120 Methyl Glucose Dioleate (Viscosity Modifier), Melaleuca Alternifolia Leaf Oil/Melaleuca Alternifolia (Tea Tree) Leaf Oil (Natural Additive), Phenoxyethanol (Preservative), Glycerin (Humectant), Sodium Benzoate (Preservative), Calophyllum Inophyllum Seed Oil (Skin Conditioning Agent), Citric Acid (pH Adjuster), Sodium Hydroxide (pH Adjuster), Butyl Methoxydibenzoylmethane (Ultraviolet Light Absorber), Disodium EDTA (Chelating Agent), Limonene (Fragrance Ingredient), Leptospermum Petersonii Oil (Fragrance Ingredient), Tocopherol (Antioxidant), CI 19140/Yellow 5 (Colour), Caramel (Colour), CI 42090/Blue 1 (Colour)."
59,Exfoliating Body Polisher ,Accessories & Tools,For dull skin,['1 Piece'],['$10.00'],4.6 out of 5 stars,74% would recommend this to a friend ,.
60,Cactus Long Handle Brush ,Accessories & Tools,For dry skin,['1 Piece'],['$22.00'],4.1 out of 5 stars,65% would recommend this to a friend ,.
61,Tea Tree Night Lotion ,Night Care,For blemished skin,['30 ML'],[],4.6 out of 5 stars,82% would recommend this to a friend ,"Aqua, Propanediol, Glycerin, Tapioca Starch, Calophyllum Inophyllum Seed Oil, Acrylamide/Ammonium Acrylate Copolymer, Ethylhexyl Palmitate, Melaleuca Alternifolia Leaf Oil, Phenoxyethanol, Silica, Caprylic/Capric Triglyceride, Caprylyl Glycol, Titanium Dioxide, Polyisobutene, Ammonium Acryloyldimethyltaurate/VP Copolymer, Polysorbate 20, Sorbitan Isostearate, Polymethylsilsesquioxane, Limonene, Citral, t-Butyl Alcohol, Citronellol, Leptospermum Petersonii Oil, Tocopherol."
62,Muslin Cloth ,Beauty tools,Gentle cleanse,['1 Piece'],['$8.00'],4.1 out of 5 stars,59% would recommend this to a friend ,.
63,Seaweed Balance Sheet Mask ,Face Masks,For combination/oily skin,['18 ML'],['$8.00'],4.3 out of 5 stars,65% would recommend this to a friend ,"Aqua/Water/Eau, Alcohol Denat., Glycerin, Propanediol, Benzyl Alcohol, Salicylic Acid, Carbomer, PEG-40 Hydrogenated Castor Oil, Trideceth-9, Trisodium Ethylenediamine Disuccinate, Sodium Hydroxide, Propylene Glycol, Fucus Vesiculosus Extract, Parfum/Fragrance, Aloe Barbadensis Leaf Juice Powder, Citric Acid, Cucumis Sativus Fruit Extract/Cucumis Sativus (Cucumber) Fruit Extract, Potassium Sorbate, Linalool, Benzyl Salicylate."
64,Spiced Orange Lip Butter  ,Lip Care,VEGAN,['10 ML'],['$10.00'],Qty,No data available,"Helianthus Annuus Hybrid Oil/Helianthus Annuus (Sunflower) Seed Oil, Ricinus Communis Seed Oil/Ricinus Communis (Castor) Seed Oil, Butyrospermum Parkii Butter/ Butyrospermum Parkii (Shea) Butter, Helianthus Annuus Seed Wax/Helianthus Annuus (Sunflower) Seed Wax, Theobroma Cacao Seed Butter/Theobroma Cacao (Cocoa) Seed Butter, Orbignya Oleifera Seed Oil, Candelilla Cera/Euphorbia Cerifera (Candelilla) Wax/Cire de candelilla, Hydrogenated Castor Oil, Behenyl Alcohol, Parfum/Fragrance, Limonene, Tapioca Starch, Ammonium Glycyrrhizate, Eugenol, Tocopheryl Acetate, Aqua/Water/Eau, Linalool, Polymethylsilsesquioxane, Cinnamal, Citric Acid, CI 77891/ Titanium Dioxide, CI 15850/Red 6."
65,File A Foot ,Accessories & Tools,Gentle,['1 Piece'],['$10.00'],4.8 out of 5 stars,76% would recommend this to a friend ,.
66,Tea Tree Targeted Gel ,Serums & Essences,For blemished skin,['2.5 ML'],['$15.00'],4.3 out of 5 stars,79% would recommend this to a friend ,"Aqua, Alcohol Denat., Glycerin, PEG-60 Hydrogenated Castor Oil, Melaleuca Alternifolia Leaf Oil, Salix Alba Bark Extract, Calophyllum Inophyllum Seed Oil, Carbomer, Aminomethyl Propanol, Leptospermum Petersonii Oil, Citral, Limonene,  Citronellol, Linalool, Denatonium Benzoate, Tocopherol."
67,Aloe Soothing Moisture Lotion SPF15 ,Moisturisers,For sensitive skin,['50 ML'],['$28.00'],4.6 out of 5 stars,84% would recommend this to a friend ,"ACTIVE INGREDIENTS: Octisalate (5.0% w/w), Avobenzone (3.0% w/w), Octinoxate (2.9% w/w), Octocrylene (2.2% w/w). INACTIVE INGREDIENTS: Water, C12-15 Alkyl Benzoate, Glyceryl Stearate, Glycerin, Butylene Glycol, Caprylic/Capric Triglyceride, Sorbitol, Cetearyl Alcohol, Potassium Cetyl Phosphate, Sesamum Indicum (Sesame) Seed Oil, Dimethicone, Phenoxyethanol, Caprylyl Glycol, Panthenol, Butyrospermum Parkii (Shea) Butter, Aloe Barbadensis Leaf Juice Powder, Xanthan Gum, Carbomer, Bisabolol, Potassium Sorbate, Tetrasodium EDTA, Sodium Hydroxide, Acrylates/C10-30 Alkyl Acrylate Crosspolymer, Pentylene Glycol, BHT, Avena Sativa (Oat) Kernel Extract, Citric Acid."
68,Shea Lip Butter ,Lip Care,Nutty scent,['10 ML'],['$10.00'],4.1 out of 5 stars,67% would recommend this to a friend ,"Helianthus Annuus Hybrid Oil/Helianthus Annuus (Sunflower) Seed Oil, Ricinus Communis Seed Oil/Ricinus Communis (Castor) Seed Oil, Butyrospermum Parkii Butter/Butyrospermum Parkii (Shea) Butter, Helianthus Annuus Seed Wax/Helianthus Annuus (Sunflower) Seed Wax, Theobroma Cacao Seed Butter/Theobroma Cacao (Cocoa) Seed Butter, Orbignya Oleifera Seed Oil, Aroma/Flavor, Candelilla Cera/Euphorbia Cerifera (Candelilla) Wax/Cire de candelilla, Hydrogenated Castor Oil, Behenyl Alcohol, Tapioca Starch, Ammonium Glycyrrhizate, Aqua/Water/Eau, Tocopherol, Polymethylsilsesquioxane, Citric Acid."
69,Luxury Facial Flannel ,Beauty tools,Soft & gentle,['1 Piece'],['$10.00'],4.4 out of 5 stars,71% would recommend this to a friend ,.
70,Edelweiss Intense Smoothing Day Cream ,Moisturisers,FOR SMOOTHER-LOOKING SKIN,['50 ML'],['$55.00'],4.5 out of 5 stars,80% would recommend this to a friend ,"Aqua/Water/Eau, Glycerin, Coco-Caprylate/Caprate, Caprylic/Capric Triglyceride, Butyrospermum Parkii Butter/Butyrospermum Parkii (Shea) Butter, Octyldodecanol, Cetyl Alcohol, Glyceryl Stearate, Tapioca Starch, Helianthus Annuus Seed Oil/Helianthus Annuus (Sunflower) Seed Oil, Sorbitan Stearate, Ethyl Oleate, Phenoxyethanol, Squalane, Ethyl Stearate, Caprylyl Glycol, Carbomer, Ethylhexylglycerin, Sodium Gluconate, Sclerotium Gum, Xanthan Gum, Parfum/Fragrance, Butyrospermum Parkii Butter Unsaponifiables/Butyrospermum Parkii (Shea) Butter Unsaponifiables, Ethyl Linoleate, Sodium Hyaluronate, Sodium Hydroxide, Tocopherol, Ethyl Palmitate, Linalool, Adenosine, Leontopodium Alpinum Flower/Leaf Extract, Citronellol, Moringa Oleifera Seed Oil, Pentylene Glycol, Hydrolyzed Rice Protein, Limonene, Benzyl Alcohol, Citric Acid, Leontopodium Alpinum Callus Culture Extract."
71,Vitamin C Glow Revealing Liquid Peel ,Exfoliators & Peels,For dull skin,['100 ML'],[],4.3 out of 5 stars,70% would recommend this to a friend ,"Aqua, Alcohol Denat., Propylene Glycol, Glycerin, Carbomer, PPG-26-Buteth-26, Palmitamidopropyltrimonium Chloride, PEG-40 Hydrogenated Castor Oil, Quaternium-80, Parfum, 3-O-Ethyl Ascorbic Acid, Mel, Limonene, Behentrimonium Chloride, Cetrimonium Chloride, Benzyl Salicylate, Hexyl Cinnamal, Isopropyl Alcohol, Linalool, Myrciaria Dubia Fruit Extract."
72,Himalayan Charcoal Purifying Clay Wash ,Cleansers & Toners,Purifies oily skin,['125 ML'],['$24.00'],4.6 out of 5 stars,86% would recommend this to a friend ,"Aqua / Water / Eau, Glycerin, Cocamidopropyl Betaine, Propanediol, Kaolin, Argilla / Magnesium Aluminum Silicate, Decyl Glucoside, Xanthan Gum, Sodium Cocoyl Glycinate, Sodium Chloride, Hydroxyacetophenone, Phenoxyethanol, Caprylyl Glycol, Parfum / Fragrance, Charcoal Powder, Limonene, Linalool, Citric Acid, Trisodium Ethylenediamine Disuccinate, Aloe Barbadensis Leaf Juice Powder, Eucalyptus Globulus Leaf Oil, Melaleuca Alternifolia Leaf Oil / Tea Tree Leaf Oil, Menthoxypropanediol, Sodium Hydroxide, Tetrasodium Pyrophosphate, Benzyl Alcohol, CI 77499 / Iron Oxides."
73,Elderflower Unperfumed Eye Gel ,Eye Care,For dehydrated skin,['15 ML'],['$17.00'],4.6 out of 5 stars,81% would recommend this to a friend ,"Aqua, Hamamelis Virginiana Water, Sambucus Nigra Flower Water, Alcohol Denat., Glycerin, Polysorbate 20, Phenoxyethanol, Carbomer, Sodium Hydroxide, Caprylyl Glycol, Citric Acid, Sodium Benzoate, Potassium Sorbate."
74,Drops of Light™ Brightening Day Cream ,Moisturisers,For dull skin,['50 ML'],['$45.00'],4.6 out of 5 stars,57% would recommend this to a friend ,"Aqua, Glycerin, Isopropyl Isostearate, Propylene Glycol, Caprylic/Capric Triglyceride, Dimethicone, Butylene Glycol, Cetyl Alcohol, PEG-100 Stearate, Glyceryl Stearate, 3-O-Ethyl Ascorbic Acid, Cera Alba, Tocopheryl Acetate, Aloe Barbadensis Leaf Juice Powder, C13-14 Isoparaffin, Stearic Acid, Rosa Centifolia Extract, Potassium Hydroxide, Sodium Citrate, Myristic Acid, Palmaria Palmata Extract, Palmitic Acid, Disodium EDTA, Citric Acid, Laureth-7, Xanthan Gum, Polyacrylamide, Acrylates/C10-30 Alkyl Acrylate Crosspolymer, Salicylic Acid, Phenoxyethanol, Mica, Linalool, Limonene, Citronellol, Parfum, CI 77891."
75,Tea Tree Anti-Imperfection Night Mask ,Face Masks,"For oily, blemished skin",['75 ML'],['$25.00'],4.6 out of 5 stars,87% would recommend this to a friend ," Aqua, Glycerin, Propanediol, Acrylates/Beheneth-25 Methacrylate Copolymer, Phenoxyethanol, Lauryl Methacrylate/Glycol Dimethacrylate Crosspolymer, Melaleuca Alternifolia Leaf Oil, Ethylhexylglycerin, Sodium Hydroxide, Salicylic Acid, Allantoin, Aloe Barbadensis Leaf Juice Powder, Calophyllum Inophyllum Seed Oil, Acrylates/C10-30 Alkyl Acrylate Crosspolymer, Trisodium Ethylenediamine Disuccinate, Sodium Hyaluronate, Hydrolyzed Algin, Limonene, Citral, PEG-30 Dipolyhydroxystearate, Trideceth-6, Zinc Sulfate, Citronellol, Leptospermum Petersonii Oil, Tocopherol, Caramel, CI 19140, CI 42090."
76,Drench Sponge ,Accessories & Tools,No data available,['1 Piece'],['$16.00'],4.6 out of 5 stars,72% would recommend this to a friend ,.
77,Skin Sponge ,Beauty tools,Gentle exfoliation,['1 Piece'],['$10.00'],4.5 out of 5 stars,77% would recommend this to a friend ,.
78,Tea Tree 3-in-1 Wash Scrub Mask ,Face Masks,For blemished skin,['125 ML'],['$27.00'],4.8 out of 5 stars,88% would recommend this to a friend ,"Aqua/Water/Eau, Kaolin, Glycerin, Propanediol, Magnesium Aluminum Silicate, Perlite, Xanthan Gum, Cocamidopropyl Betaine, Sodium Laureth Sulfate, Decyl Glucoside, PEG-7 Glyceryl Cocoate, Alcohol Denat., Phenoxyethanol, Hydrogenated Jojoba Wax, Melaleuca Alternifolia Leaf Oil/Tea Tree Leaf Oil, Sodium Chloride, Citric Acid, Salicylic Acid, Calophyllum Inophyllum Seed Oil, Menthol, Ethylhexylglycerin, Trisodium Ethylenediamine Disuccinate, Sodium Benzoate, Tetrasodium Pyrophosphate, Leptospermum Petersonii Oil, Citral, Phosphoric Acid, Tocopherol, CI 77891/Titanium Dioxide, CI 77499/Iron Oxides."
79,Tea Tree In-Control Hydrator ,Tea Tree,For blemishes & imperfections,['40 ML'],['$21.00'],3.5 out of 5 stars,59% would recommend this to a friend ,"Aqua/Water/Eau, Propanediol, Dicaprylyl Ether, Betaine, Sodium Polyacrylate, Alcohol Denat., Glycerin, Backhousia Citriodora Leaf Extract, Benzyl Alcohol, Olea Europaea Fruit Oil/Olea Europaea (Olive) Fruit Oil, Salix Alba Bark Extract/Salix Alba (Willow) Bark Extract, Melaleuca Alternifolia Leaf Oil/Melaleuca Alternifolia (Tea Tree) Leaf Oil, Acrylates/C10-30 Alkyl Acrylate Crosspolymer, Ethylhexylglycerin, Sodium Gluconate, Sodium Hyaluronate, Aloe Barbadensis Leaf Juice Powder, Calophyllum Inophyllum Seed Oil, Tocopherol, Citric Acid, Citral, Limonene, Helianthus Annuus Seed Oil/Helianthus Annuus (Sunflower) Seed Oil, Citronellol, Leptospermum Petersonii Oil."
80,Edelweiss Serum Concentrate Sheet Mask  ,Face Masks,FOR SMOOTHER-LOOKING SKIN,['21 ML'],['$10.00'],4.5 out of 5 stars,88% would recommend this to a friend ,"Aqua/Water/Eau, Glycerin, Propanediol, Alcohol Denat., Sodium Hyaluronate, Benzyl Alcohol, Salicylic Acid, Fagus Sylvatica Bud Extract, Sodium Hydroxide, Adenosine, Leontopodium Alpinum Flower/Leaf Extract, Parfum/Fragrance, Linalool, Moringa Oleifera Seed Oil, Citronellol, Malva Sylvestris Flower/Leaf/Stem Extract, Pentylene Glycol, Hydrolyzed Rice Protein, Buddleja Officinalis Flower Extract, Benzoic Acid, Citric Acid, Potassium Sorbate, Sodium Benzoate, Sorbic Acid, Limonene, Leontopodium Alpinum Callus Culture Extract, Xanthan Gum."
81,Vitamin E Overnight Serum-In-Oil ,Serums & Essences,For all skin types,['30 ML'],['$39.00'],4.8 out of 5 stars,81% would recommend this to a friend ,"Caprylic/Capric Triglyceride, Dicaprylyl Carbonate, Helianthus Annuus Seed Oil/Helianthus Annuus (Sunflower) Seed Oil, Prunus Amygdalus Dulcis Oil/Prunus Amygdalus Dulcis (Sweet Almond) Oil, Glycine Soja Oil/Glycine Soja (Soybean) Oil, Sesamum Indicum Seed Oil/Sesamum Indicum (Sesame) Seed Oil, Simmondsia Chinensis Seed Oil/Simmondsia Chinensis (Jojoba) Seed Oil, Parfum/Fragrance, Rubus Idaeus Seed Oil/Rubus Idaeus (Raspberry) Seed Oil, Tocopheryl Acetate, Benzyl Benzoate, Benzyl Alcohol, Geraniol, Linalool, Limonene, Hydroxycitronellal, Tocopherol, Alpha-Isomethyl Ionone, Cinnamyl Alcohol, Citral, Citric Acid."
82,Edelweiss Cleansing Concentrate ,Cleansers & Toners,FEELS GENTLE ON SKIN,['100 ML'],['$27.00'],4.5 out of 5 stars,78% would recommend this to a friend ,"Aqua/Water/Eau, Glycerin, Cocamidopropyl Betaine, Decyl Glucoside, Sodium Cocoyl Isethionate, Erythritol, Polyglyceryl-3 Cocoate, Polyglyceryl-4 Caprate, Polyglyceryl-6 Caprylate, Polyglyceryl-6 Ricinoleate, Coconut Acid, Citric Acid, Potassium Sorbate, Sodium Benzoate, Parfum/Fragrance, Sodium Isethionate, Linalool, Citronellol, Leontopodium Alpinum Flower/Leaf Extract, Limonene, Benzyl Alcohol, Leontopodium Alpinum Callus Culture Extract, Xanthan Gum."
83,Blackhead Remover ,Beauty tools,No data available,['1 Piece'],['$10.00'],3.5 out of 5 stars,48% would recommend this to a friend ,.
84,Skin Defence Protective Lip Balm ,Lip Care,CONDITIONING LIP BALM,['4 G'],['$15.00'],2.3 out of 5 stars,25% would recommend this to a friend ," Ricinus Communis Seed Oil/Ricinus Communis (Castor) Seed Oil, C12-15 Alkyl Benzoate, Homosalate,  Oryza Sativa Bran Wax/Oryza Sativa (Rice) Bran Wax, Octocrylene, Helianthus Annuus Seed Wax/Helianthus Annuus (Sunflower)  Seed Wax, Hydrogenated Vegetable Oil, Butyrospermum Parkii Butter/Butyrospermum Parkii (Shea) Butter, Butyl  Methoxydibenzoylmethane, Olea Europaea Oil Unsaponifiables/Olea Europaea (Olive) Oil Unsaponifiables, Ethylhexyl Salicylate,  Cocos Nucifera Oil/Cocos Nucifera (Coconut) Oil, Rhus Verniciflua Peel Cera, Shorea Robusta Resin, Tetrahexyldecyl Ascorbate, Rosa Canina Fruit Oil, Tocopheryl Acetate, Mentha Piperita Oil/Mentha Piperita (Peppermint) Oil, Ammonium Glycyrrhizate, Glycine  Soja Oil/Glycine Soja (Soybean) Oil, Limonene, Citric Acid."
85,Cooling Cucumber Eye Sheet Mask ,Face Masks,FOR TIRED-LOOKING EYES,['12 G'],['$10.00'],5.0 out of 5 stars,100% would recommend this to a friend ,"Aqua/Water/Eau, Propanediol, Sorbitol, Glycerin, Butylene Glycol, Polysorbate 20, Benzyl Alcohol, Cucumis Sativus Fruit Extract/Cucumis Sativus (Cucumber) Fruit Extract, Ethylhexylglycerin, Salicylic Acid, Carbomer, Trisodium Ethylenediamine Disuccinate, Sodium Hydroxide, Aloe Barbadensis Leaf Juice Powder, Xanthan Gum, Parfum/Fragrance, Linalool, Citric Acid, Sodium Benzoate, Potassium Sorbate.  "
86,Vitamin C Overnight Glow Revealing Mask ,Face Masks,FOR DULL SKIN,['100 ML'],['$45.00'],4.3 out of 5 stars,82% would recommend this to a friend ,"Aqua/Water/Eau, Octyldodecanol, Caprylic/Capric Triglyceride, Glyceryl Stearate, Myristyl Myristate, Squalane, Lactic Acid, 3-O-Ethyl Ascorbic Acid, Cetearyl Alcohol, Diglycerin, Sodium Citrate, Zea Mays Starch/Zea Mays (Corn) Starch, Butyrospermum Parkii Butter/Butyrospermum Parkii (Shea) Butter, Betaine, Glycerin, Hydroxyethyl Acrylate/SodiumAcryloyldimethyl Taurate Copolymer, Sodium Hydroxide, Polyacrylate Crosspolymer-6, Phenoxyethanol, Citric Acid, Caprylyl Glycol,Salicylic Acid, Parfum/Fragrance, Sodium Hyaluronate, Tocopherol, Polysorbate 60, Sorbitan Isostearate, Linalool, Palmaria,Palmata Extract, Limonene, Glycine Soja Oil/Glycine Soja (Soybean) Oil, Benzyl Benzoate, Carica Papaya Fruit Extract, Mangifera, Indica Fruit Extract/Mangifera Indica (Mango) Fruit Extract, Citral, Hexyl Cinnamal, Leuconostoc/Radish Root Ferment Filtrate,Benzyl Alcohol, Geraniol, Citronellol, CI 19140/Yellow 5, CI 15510/Orange 4, CI 17200/Red 33."
87,Strawberry Hair Towel ,Hair Styling,For dry hair,['1 Piece'],['$20.00'],4.2 out of 5 stars,61% would recommend this to a friend ,Please refer to the individual product entry within the main categories for detailed ingredient list.
88,Edelweiss Eye Concentrate  ,Eye Care,SMOOTHS THE APPEARANCE OF FINE LINES AROUND THE EYES,['10 ML'],['$43.00'],4.5 out of 5 stars,85% would recommend this to a friend ,"Aqua/Water/Eau, Propanediol, Alcohol Denat., Glycerin, Pentylene Glycol, PEG-20 Methyl Glucose Sesquistearate, PVP, Silica, Sorbitol, Phenoxyethanol, Niacinamide, Pullulan, Avena Sativa Kernel Extract/Avena Sativa (Oat) Kernel Extract, Ethylhexylglycerin, Ammonium Acryloyldimethyltaurate/VP Copolymer, Olea Europaea Fruit Oil/Olea Europaea (Olive) Fruit Oil, Sodium Hyaluronate, Xanthan Gum, Trisodium Ethylenediamine Disuccinate, Citric Acid, Adenosine, Leontopodium Alpinum Flower/Leaf Extract, Moringa Oleifera Seed Oil, Hydrolyzed Rice Protein, Tocopherol, Leontopodium Alpinum Callus Culture Extract."
89,Tea Tree All-In-One Stick ,Tea Tree,For blemished skin,['25 G'],[],4.7 out of 5 stars,80% would recommend this to a friend ,"Aqua/Water/Eau, Butylene Glycol, Sodium Stearate, Hamamelis Virginiana Water/HamamelisVirginiana (Witch Hazel) Water, Glycerin, PEG-40 Hydrogenated Castor Oil, Trideceth-9, Phenoxyethanol, Benzyl Alcohol,Ammonium Acryloyldimethyltaurate/VP Copolymer, Menthone Glycerin Acetal, Salicylic Acid, Melaleuca Alternifolia LeafOil/Melaleuca Alternifolia (Tea Tree) Leaf Oil, Salix Alba Bark Extract/Salix Alba (Willow) Bark Extract, Propylene Glycol, SodiumHyaluronate, Stearic Acid, Lens Esculenta Seed Extract/Lens Esculenta (Lentil) Seed Extract, Citral, Limonene, Linalool,Ethylhexylglycerin, Citronellol, Leptospermum Petersonii Oil, Tocopherol, CI 15985/Yellow 6, CI 42090/Blue 1."
90,Oils of Life™ Intensely Revitalising Cleansing Oil-In-Gel ,Cleansers & Toners,"For tired, dehydrated skin",['100 ML'],['$29.00'],4.6 out of 5 stars,82% would recommend this to a friend ,"Glycerin, Olea Europaea Fruit Oil, Helianthus Annuus Seed Oil, Aqua, Sucrose Palmitate, Glycereth-26, Phenoxyethanol, Parfum, Tocopherol, Rosa Canina Fruit Oil, Nigella Sativa Seed Oil, Camellia Oleifera Seed Oil, Trisodium Ethylenediamine Disuccinate, Linalool, Limonene, Glycine Soja Oil, Geraniol, Citronellol, Citric Acid, CI 15985, CI 19140."
91,Edelweiss Bouncy Sleeping Mask ,Face Masks,FOR SMOOTHER-LOOKING SKIN,['75 ML'],['$49.00'],4.5 out of 5 stars,86% would recommend this to a friend ,"Aqua/Water/Eau, Propanediol, Glycerin, Helianthus Annuus Seed Oil/Helianthus Annuus (Sunflower) Seed Oil, Dicaprylyl Carbonate, Acrylates/Beheneth-25 Methacrylate Copolymer, Phenoxyethanol, Coco-Glucoside, Benzyl Alcohol, Tocopheryl Acetate, Sodium Hyaluronate, Sodium Hydroxide, Trisodium Ethylenediamine Disuccinate, Parfum/Fragrance, Adenosine, Caffeine, Leontopodium Alpinum Flower/Leaf Extract, Linalool, Citronellol, Moringa Oleifera Seed Oil, Citric Acid, Limonene, Tocopherol, Leontopodium Alpinum Callus Culture Extract, Xanthan Gum."
92,Bath Gloves ,Accessories & Tools,Gentle exfoliation,['1 Piece'],['$10.00'],3.4 out of 5 stars,44% would recommend this to a friend ,.
93,Edelweiss Liquid Peel ,Exfoliators & Peels,GEL-TO-PEEL EXFOLIATOR,['100 ML'],['$35.00'],4.1 out of 5 stars,72% would recommend this to a friend ,"Aqua/Water/Eau, Glycerin, Alcohol Denat., Carbomer, Palmitamidopropyltrimonium Chloride, Propylene Glycol, Polyglyceryl-4 Caprate, Polyglyceryl-6 Caprylate, Parfum/Fragrance, Citric Acid, Linalool, Citronellol, Leontopodium Alpinum Flower/Leaf Extract, Moringa Oleifera Seed Oil, Benzyl Alcohol, Leontopodium Alpinum Callus Culture Extract, Sodium Hyaluronate, Xanthan Gum."
94,Maca Root & Aloe Post-Shave Water-Gel For Men ,Men's Grooming,For dry skin,['160 ML'],['$21.00'],4.0 out of 5 stars,64% would recommend this to a friend ,"Aqua/Water/Eau, Propanediol, Ammonium Acryloyldimethyltaurate/VP Copolymer, PPG-26-Buteth-26, PEG-40 Hydrogenated Castor Oil, Dipropylene Glycol, Phenoxyethanol, Caprylyl Glycol, Parfum/Fragrance, Glycerin, Aloe Barbadensis Leaf Juice Powder, Menthol, Boswellia Serrata Gum, Benzophenone-3, Limonene, Trisodium Ethylenediamine Disuccinate, t-Butyl Alcohol, Sodium Hyaluronate, Sodium Hydroxide, Hydrolyzed Lepidium Meyenii Root, 1,2-Hexanediol, Citronellol, Coumarin, Citric Acid, Citral, Cucumis Sativus Fruit Extract/Cucumber Fruit Extract, Potassium Sorbate, Capryloyl Glycine, CI 42090/Blue 1, CI 60730/Ext. Violet 2."
95,Edelweiss Smoothing Day Cream ,Moisturisers,FOR SMOOTHER-LOOKING SKIN,['50 ML'],['$49.00'],3.7 out of 5 stars,59% would recommend this to a friend ,"Aqua/Water/Eau, Glycerin, Alcohol Denat., Hydrogenated Ethylhexyl Olivate, Aluminum Starch Octenylsuccinate, Heptyl Undecylenate, Limnanthes Alba Seed Oil/Limnanthes Alba (Meadowfoam) Seed Oil, Ammonium Acryloyldimethyltaurate/VP Copolymer, Hydrogenated Olive Oil Unsaponifiables, Phenoxyethanol, Caprylyl Glycol, Cetyl Alcohol, Sodium Hydroxide, Salicylic Acid, Polyglyceryl-3 Distearate, Caffeine, Tocopherol, Parfum/Fragrance, Acrylates/C10-30 Alkyl Acrylate Crosspolymer, Sodium Gluconate, Adenosine, Leontopodium Alpinum Flower/Leaf Extract, Linalool, Citronellol, Moringa Oleifera Seed Oil, Glyceryl Stearate Citrate, Citric Acid, Limonene, Benzyl Alcohol, Leontopodium Alpinum Callus Culture Extract, Xanthan Gum."
96,Aloe Multi-Use Soothing Gel ,Body Lotions,For sensitive skin,['200 ML'],['$32.00'],4.9 out of 5 stars,87% would recommend this to a friend ,"Aqua, Pentylene Glycol, Propanediol, Glycerin, Phenoxyethanol, Acrylates/C10-30 Alkyl Acrylate Crosspolymer, Aloe Barbadensis Leaf Juice Powder, Sodium Hydroxide, Caprylyl Glycol, Trisodium Ethylenediamine Disuccinate, PEG-30 Dipolyhydroxystearate, Trideceth-6."
97,Guarana & Coffee Energising Cleanser for Men ,Cleansers & Toners,Removes impurities,['150 ML'],['$21.00'],4.7 out of 5 stars,82% would recommend this to a friend ,"Aqua/Water/Eau, Sodium Laureth Sulfate, Cocamidopropyl Betaine, Glycerin, Sodium Chloride, Polysorbate 20, Hydrogenated Starch Hydrolysate, Coco-Glucoside, Parfum/Fragrance, Panthenol, Phenethyl Alcohol, Caprylyl Glycol, Citric Acid, Creatine, Sodium Benzoate, Aloe Barbadensis Leaf Juice Powder, p-Anisic Acid, Tocopheryl Acetate, Limonene, Sodium Hydroxide, Benzophenone-3, Citral, Trisodium Ethylenediamine Disuccinate, Hydrolyzed Lepidium Meyenii Root, Linalool, Phosphoric Acid, Carthamus Tinctorius Seed Oil/Safflower Seed Oil, 1,2-Hexanediol, Paullinia Cupana Seed Extract, Coffea Arabica Seed Extract/Coffee Seed Extract, Capryloyl Glycine, Potassium Sorbate, CI 15985/Yellow 6, CI 14700/Red 4."
98,Organic Cotton Rounds 100 Pieces ,Beauty tools,No data available,['1 Piece'],['$6.00'],4.8 out of 5 stars,76% would recommend this to a friend ,.
99,Moisture Gloves ,Accessories & Tools,For dry skin,['1 Piece'],['$15.00'],3.6 out of 5 stars,60% would recommend this to a friend ,.
100,Pumpkin Instant Radiance In-Shower Mask ,Vanilla Pumpkin,For all skin types,['75 ML'],['$37.00'],4.7 out of 5 stars,88% would recommend this to a friend ,"Aloe Barbadensis Leaf Juice, Glycerin, Cetearyl Alcohol, Aqua/Water/Eau, Theobroma Cacao Seed Butter/Theobroma Cacao (Cocoa) Seed Butter, Butyrospermum Parkii Butter/Butyrospermum Parkii (Shea) Butter, Glycine Soja Oil/Glycine Soja (Soybean) Oil, Kaolin, Lactobacillus/Pumpkin Ferment Extract, Perlite, Sodium Polyacrylate, Benzyl Alcohol, Prunus Armeniaca Seed Powder/Prunus Armeniaca (Apricot) Seed Powder, Sodium Stearoyl Glutamate, Xanthan Gum, Vaccinium Macrocarpon Fruit Powder/Vaccinium Macrocarpon (Cranberry) Fruit Powder, Parfum/Fragrance, Sodium Gluconate, Salicylic Acid, Daucus Carota Sativa Root Extract/Daucus Carota Sativa (Carrot) Root Extract, Citric Acid, Tocopherol, Lactobacillus Ferment, Sorbic Acid, Linalool, Sodium Hydroxide, Citronellol, Eugenol, Helianthus Annuus Seed Oil/Helianthus Annuus (Sunflower) Seed Oil, Limonene, Citral, CI 77492/Iron Oxides, CI 77491/Iron Oxides, CI 77499/Iron Oxides. "
101,Clean Conscience Reusable Make-Up Remover Pads ,Beauty tools,Reusable                 ,['1 each'],['$25.00'],4.3 out of 5 stars,76% would recommend this to a friend ,. 
102,Lip Scrub ,Lips,For dry skin,['4.5 G'],['$19.00'],4.3 out of 5 stars,65% would recommend this to a friend ,"Caprylic/Capric Triglyceride, Candelilla Cera/Euphorbia Cerifera (Candelilla) Wax/Cire de candelilla, Ricinus Communis Seed Oil/Ricinus Communis (Castor) Seed Oil, Ethyl Macadamiate, Sclerocarya Birrea Seed Oil, Tribehenin, Cellulose Acetate, Helianthus Annuus Seed Wax/Helianthus Annuus (Sunflower) Seed Wax, Polymethylsilsesquioxane, Olea Europaea Oil Unsaponifiables/Olea Europaea (Olive) Oil Unsaponifiables, Stearalkonium Hectorite, Ficus Carica Fruit Powder/Ficus Carica (Fig) Fruit Powder, Boron Nitride, Copernicia Cerifera Cera/Copernicia Cerifera (Carnauba) Wax/Cire de Carnauba, Propylene Carbonate, Mentha Piperita Oil/Mentha Piperita (Peppermint) Oil, Rhus Verniciflua Peel Wax, Shorea Robusta Resin, Ammonium Glycyrrhizate, Alumina, Limonene, Tocopherol, Aluminum Hydroxide, Malic Acid, CI 77891/Titanium Dioxide, CI 19140/Yellow 5 Lake, CI 42090/Blue 1 Lake."
103,Tropical Mix Lip Juicer ,Lip Care,LIP BALM,['4 G'],[],Qty,No data available,"Olea Europaea Fruit Oil/Olea Europaea (Olive) Fruit Oil, Caprylic/Capric Triglyceride, Polyethylene, Tribehenin, Hydrogenated Polydecene, Behenyl Alcohol, Parfum/Fragrance, Ricinus Communis Seed Oil/Ricinus Communis (Castor) Seed Oil, Butyrospermum Parkii Butter/Butyrospermum Parkii (Shea) Butter, Stearalkonium Hectorite, Alumina, Propylene Carbonate, Tocopheryl Acetate, Citric Acid, Glycerin, CI 77891/Titanium Dioxide, CI 15850/Red 6, CI 19140/Yellow 5 Lake, CI 77499/Iron Oxides, CI 77491/Iron Oxides, CI 77492/Iron Oxides."
104,Nail Polishing Block ,Nail Products,No data available,['1 Piece'],['$10.00'],4.5 out of 5 stars,75% would recommend this to a friend ,.
105,Cedar & Sage Conditioning Beard Oil For Men ,Men's Grooming,Glossy finish,['30 ML'],['$32.00'],4.2 out of 5 stars,67% would recommend this to a friend ," Caprylic/Capric Triglyceride, Glycine Soja Oil/Soybean Oil, Coco-Caprylate/Caprate, Cocos Nucifera Oil/Coconut Oil, Bertholletia Excelsa Seed Oil, Orbignya Oleifera Seed Oil, Parfum/Fragrance, Limonene, Linalool, Geraniol, Tocopherol, Eugenol, Citral, Helianthus Annuus Seed Oil/Sunflower Seed Oil, Citric Acid."
106,Camomile Dissolve The Day Make-Up Cleansing Oil  ,Camomile,SUITABLE FOR SENSITIVE SKIN,['160 ML'],['$24.00'],3.2 out of 5 stars,51% would recommend this to a friend ,"Caprylic/Capric Triglyceride, Helianthus Annuus Seed Oil/Helianthus Annuus (Sunflower) Seed Oil,  Dicaprylyl Ether, Ethylhexyl Palmitate, PEG-20 Glyceryl Triisostearate, Tocopheryl Acetate, Parfum/Fragrance, Linalool, Limonene,  Carica Papaya Seed Oil/Carica Papaya (Papaya) Seed Oil, Anthemis Nobilis Flower Oil, Tocopherol."
107,Bath Pillow - Inflatable ,Accessories & Tools,No data available,['1 Piece'],['$16.00'],3.3 out of 5 stars,49% would recommend this to a friend ,.
108,Bunny Headband ,Beauty tools,No data available,['1 Piece'],['$12.00'],4.8 out of 5 stars,82% would recommend this to a friend ,.
109,Edelweiss Bouncy Jelly Mist ,Mists,24 HOUR HYDRATION,['57 ML'],['$35.00'],4.3 out of 5 stars,85% would recommend this to a friend ,"Aqua/Water/Eau, Glycerin, Propanediol, Betaine, Polysorbate 20, Phenoxyethanol, Chlorphenesin, Calcium Lactate, Gellan Gum, Parfum/Fragrance, Trisodium Ethylenediamine Disuccinate, Buddleja Officinalis Flower Extract, Linalool, Leontopodium Alpinum Flower/Leaf Extract, Citronellol, Citric Acid, Moringa Oleifera Seed Oil, Limonene, Benzyl Alcohol, Leontopodium Alpinum Callus Culture Extract, Xanthan Gum."
110,Buff & Smooth Konjac Sponge Collection  ,Bath and Body gifts,CHRISTMAS GIFT,['1 Piece'],['$20.00'],Qty,No data available,.
111,Slanted Tweezers ,Beauty tools,No data available,['1 Piece'],['$8.00'],3.7 out of 5 stars,45% would recommend this to a friend ,.
112,Super Soft Cleansing Brush ,Beauty tools,Super soft,['1 Piece'],['$20.00'],4.4 out of 5 stars,78% would recommend this to a friend ,.
113,Maca Root & Aloe Calming Icy Shaving Gel ,Men's Grooming,Natural finish,['150 ML'],['$21.00'],4.6 out of 5 stars,82% would recommend this to a friend ,"Aqua/Water/Eau, Sodium Laureth Sulfate, Glycerin, PPG-26-Buteth-26, Acrylates/C10-30 Alkyl Acrylate Crosspolymer, Cocamidopropyl Betaine, Phenoxyethanol, PEG-40 Hydrogenated Castor Oil, Parfum/Fragrance, Caprylyl Glycol, Benzyl Alcohol, Menthol, Sodium Hydroxide, Menthoxypropanediol, Dipropylene Glycol, Caprylhydroxamic Acid, Sodium Chloride, Benzophenone-3, Trisodium Ethylenediamine Disuccinate, Methylpropanediol, Limonene, PEG-30 Dipolyhydroxystearate, Trideceth-6, Boswellia Serrata Gum, Aloe Barbadensis Leaf Juice Powder, Hydrolyzed Lepidium Meyenii Root, Potassium Sorbate, Sodium Benzoate, Citric Acid, Phosphoric Acid, Cucumis Sativus Fruit Extract/Cucumber Fruit Extract, 1,2-Hexanediol, Capryloyl Glycine, CI 60730/Ext. Violet 2, CI 42090/Blue 1."
114,Himalayan Charcoal Skin Clarifying Night Peel ,Charcoal,Skin texture refining night peel,['30 ML'],[],4.8 out of 5 stars,92% would recommend this to a friend ,"Aqua/Water/Eau, Propanediol, Alcohol Denat., Glycerin, Hibiscus Sabdariffa Flower Extract, Xanthan Gum, Benzyl Alcohol, Epilobium Fleischeri Extract, Salicylic Acid, Sodium Hydroxide, Parfum/Fragrance, Charcoal Powder, Limonene, Linalool, Citric Acid, Potassium Sorbate."
115,Hemp Body Mitt ,Accessories & Tools,For dry skin,['1 Piece'],['$16.00'],4.1 out of 5 stars,73% would recommend this to a friend ,.
116,Headband ,Beauty tools,No data available,['1 Piece'],['$10.00'],3.9 out of 5 stars,52% would recommend this to a friend ,"Teddy Exports in southern India makes our Community Trade headbands. Each product is carefully checked by hand, and the company has a 100% quality inspection record."
117,Rose & Shine Rose Quartz Dual Ended Facial Roller ,Christmas gifts,BOOSTS COMPLEXION,['1 Piece'],['$39.00'],5.0 out of 5 stars,100% would recommend this to a friend ,.
118,Shower & Scrub Jute Scrubber ,Accessories & Tools,PERFECT STOCKING FILLER,['1 Piece'],['$12.00'],2.5 out of 5 stars,0% would recommend this to a friend ,.
119,Total Body Relaxer ,Accessories & Tools,Relax the body,['1 Piece'],['$30.00'],4.4 out of 5 stars,67% would recommend this to a friend ,.
120,Camomile Clean Sweep Make-Up Cleansing Balm ,Camomile,For sensitive skin  ,['45 G'],[],2.7 out of 5 stars,31% would recommend this to a friend ,"Caprylic/Capric Triglyceride, Helianthus Annuus Seed Wax/Helianthus Annuus (Sunflower) Seed Wax,  Silica, Dicaprylyl Carbonate, Stearic Acid, Butyrospermum Parkii Butter/Butyrospermum Parkii (Shea) Butter, Tribehenin, PEG-20  Glyceryl Triisostearate, Caprylyl Glycol, Copernicia Cerifera Cera/Copernicia Cerifera (Carnauba) Wax/Cire de Carnauba,  Parfum/Fragrance, Butyl Methoxydibenzoylmethane, Carica Papaya Seed Oil/Carica Papaya (Papaya) Seed Oil, Linalool,  Tocopherol, Limonene, Anthemis Nobilis Flower Oil, Glycine Soja Oil/Glycine Soja (Soybean) Oil, Citric Acid."
121,Oils of Life™ Revitalising Facial Roller ,Beauty tools,For aging skin,['1 Piece'],['$49.00'],4.6 out of 5 stars,79% would recommend this to a friend ,.
122,Animal Paw Print Moisture Socks ,Foot Care,For very dry skin,['1 Piece'],['$15.00'],1.4 out of 5 stars,5% would recommend this to a friend ,Please refer to the individual product entry within the main categories for detailed ingredient list
123,Pencil Sharpener ,Makeup Brushes and Tools,No data available,['1 Piece'],['$5.00'],4.4 out of 5 stars,60% would recommend this to a friend ,.
124,Revitalising Precision Eye Roller ,Beauty tools,For aging skin,['1 Piece'],['$39.00'],3.8 out of 5 stars,65% would recommend this to a friend ,.
125,Twin-Ball Massager ,Beauty tools,Relax the body,['1 Piece'],['$15.00'],4.5 out of 5 stars,67% would recommend this to a friend ,.
126,Shaving Brush ,Men's Grooming,For a smooth application,['1 Piece'],['$16.00'],3.7 out of 5 stars,67% would recommend this to a friend ,.
127,Seaweed Oil-Control Gel Cream ,Moisturisers,For combination and oily skin,['50 ML'],['$27.00'],4.5 out of 5 stars,79% would recommend this to a friend ,"Aqua, Isododecane, Glycerin, Tapioca Starch, Hydrogenated Tetradecenyl/Methylpentadecene, Polymethyl Methacrylate, Dimethicone, Phenoxyethanol, Polysorbate 60, Caprylyl Glycol, Carbomer, Tocopheryl Acetate, Glyceryl Stearate, PEG-100 Stearate, Cetearyl Alcohol, Propylene Glycol, Butylene Glycol, Sesamum Indicum Seed Oil, Glycine Soja Oil, Fucus Vesiculosus Extract, Sodium Hydroxide, Parfum, Disodium EDTA, Pentylene Glycol, Polymethylsilsesquioxane, Zinc Gluconate, Acacia Senegal Gum, Linalool, Algae Extract, Hydrolyzed Wheat Protein, Xanthan Gum, Propylene Glycol Alginate, Benzyl Salicylate, Benzyl Alcohol, Hydrolyzed Algin, Serine, Sodium Stearate, Zinc Sulfate, Citric Acid."
128,Aloe Calming Foaming Wash ,Cleansers & Toners,For sensitive skin,['150 ML'],['$21.00'],4.7 out of 5 stars,82% would recommend this to a friend ,"Aqua, Pentylene Glycol, Sodium Cocoamphoacetate, Hydrogenated Starch Hydrolysate, Glycerin, Butylene Glycol, Sodium Laureth Sulfate, Disodium Cocoyl Glutamate, Polyglyceryl-2 Caprate, Polysorbate 20, Coco-Glucoside, Levulinic Acid, p-Anisic Acid, Sodium Cocoyl Glutamate, Sodium Levulinate, Sodium Hydroxide, Aloe Barbadensis Leaf Juice Powder, Citric Acid."
129,Oils of Life™ Eye Cream Gel ,Eye Care,For aging skin,['20 ML'],['$45.00'],4.5 out of 5 stars,78% would recommend this to a friend ,"Aqua, Glycerin, Alcohol Denat., Niacinamide, Dimethicone, Ammonium Acryloyldimethyltaurate/VP Copolymer, Isononyl Isononanoate, Fagus Sylvatica Bud Extract, Caffeine, Phenoxyethanol, Silica Silylate, Dimethiconol, Carbomer, Xanthan Gum, Chlorphenesin, Rosa Canina Fruit Oil, Olea Europaea Fruit Oil, Camellia Oleifera Seed Oil, Salicylic Acid, Butylene Glycol, Sodium Hydroxide, Nigella Sativa Seed Oil, Pentaerythrityl Tetra-Di-t-Butyl Hydroxyhydrocinnamate, Synthetic Fluorphlogopite, Menthoxypropanediol, Disodium EDTA, Adenosine, t-Butyl Alcohol, Alteromonas Ferment Extract, Benzoic Acid, Sorbic Acid, Tin Oxide, Tocopherol, Citric Acid, CI 77891, CI 77491, CI 19140."
130,Camomile Gentle Eye Make-Up Remover ,Cleansers & Toners,For sensitive skin,['250 ML'],['$21.00'],4.6 out of 5 stars,78% would recommend this to a friend ,"Aqua, Glycerin, Polysorbate 20, Phenoxyethanol, Sodium Cocoamphoacetate, Sodium Laureth Sulfate, Coco-Glucoside, p-Anisic Acid, Citric Acid, Sodium Chloride, Sodium Hydroxide, Disodium EDTA, Anthemis Nobilis Flower Extract."
131,Aloe Soothing Moisture Lotion ,Aloe,For sensitive skin,['50 ML'],['$28.00'],4.6 out of 5 stars,66% would recommend this to a friend ,"ACTIVE INGREDIENTS: Octisalate (5.0% w/w), Avobenzone (3.0% w/w), Octinoxate (2.9% w/w), Octocrylene (2.2% w/w). INACTIVE INGREDIENTS: Water, C12-15 Alkyl Benzoate, Glyceryl Stearate, Glycerin, Butylene Glycol, Caprylic/Capric Triglyceride, Sorbitol, Cetearyl Alcohol, Potassium Cetyl Phosphate, Sesamum Indicum (Sesame) Seed Oil, Dimethicone, Phenoxyethanol, Caprylyl Glycol, Panthenol, Butyrospermum Parkii (Shea) Butter, Aloe Barbadensis Leaf Juice Powder, Xanthan Gum, Carbomer, Bisabolol, Potassium Sorbate, Tetrasodium EDTA, Sodium Hydroxide, Acrylates/C10-30 Alkyl Acrylate Crosspolymer, Pentylene Glycol, BHT, Avena Sativa (Oat) Kernel Extract, Citric Acid."
132,Brightening Cleansing Foam ,Cleansers & Toners,For dull skin,['125 ML'],['$25.00'],4.6 out of 5 stars,81% would recommend this to a friend ,"Aqua/Water (Solvent), Myristic Acid (Emulsifier/Surfactant), Glycerin (Humectant), Stearic Acid (Emulsifying Agent), Lauric Acid (Surfactant - Cleansing Agent), Potassium Cocoyl Glycinate (Surfactant), Potassium Hydroxide (pH Adjuster), Glycol Distearate (Viscosity Controlling Agent), Butylene Glycol (Humectant), Acrylates Copolymer (Stabiliser), Sodium Cocoamphoacetate (Surfactant), Phenoxyethanol (Preservative), Caprylyl Glycol (Skin Conditioning Agent), Polyquaternium-39 (Film Former), Parfum/Fragrance (Fragrance Ingredient), Sodium Chloride (Viscosity Controlling Agent), Sclerocarya Birrea Seed Oil (Skin Conditioning Agent - Emollient), Tetrasodium EDTA (Chelating Agent), Linalool (Fragrance Ingredient), Sodium Benzoate (Preservative), 3-O-Ethyl Ascorbic Acid (Skin Conditioning Agent), Palmaria Palmata Extract (Skin Conditioning Agent)."
133,Rose Quartz Gua Sha Stone  ,Beauty tools,FACIAL TOOL,['1 each'],['$30.00'],5.0 out of 5 stars,75% would recommend this to a friend , 
134,Aloe Soothing Eye & Lip Contour Care ,Moisturisers,For sensitive skin,['15 ML'],['$27.00'],4.5 out of 5 stars,79% would recommend this to a friend ," Aqua/Water/Eau, Glyceryl Stearate Citrate, Pentylene Glycol, Cyclopentasiloxane, Hydroxypropyl Starch Phosphate, Cetearyl Alcohol, Cyclohexasiloxane, Propanediol, alpha-Glucan Oligosaccharide, Betaine, Sesamum Indicum Seed Oil/Sesamum Indicum (Sesame) Seed Oil, Caprylic/Capric Triglyceride, Panthenol, Potassium Phosphate, Myristamidopropyl PG-Dimonium Chloride Phosphate, Aloe Barbadensis Leaf Juice Powder, Dipotassium Phosphate, Allantoin, Hydrogenated Vegetable Oil, Sodium Stearoyl Glutamate, Caprylhydroxamic Acid, Trisodium Ethylenediamine Disuccinate, Bisabolol, Polygonum Fagopyrum Seed Extract/Polygonum Fagopyrum (Buckwheat) Seed Extract, Sodium Hydroxide, Tocopherol, Citric Acid."
135,Avocado Lip Care Stick  ,Lip Care,FOR DRY LIPS,['4.2 G'],['$9.00'],3.6 out of 5 stars,42% would recommend this to a friend ,"Olus Oil, Cocos Nucifera Oil/Cocos Nucifera (Coconut) Oil, Candelilla Cera/Euphorbia Cerifera (Candelilla) Wax/Cire de candelilla, Hydrogenated Vegetable Oil, Butyrospermum Parkii Butter/Butyrospermum Parkii (Shea) Butter, Carthamus Tinctorius Seed Oil/Carthamus Tinctorius (Safflower) Seed Oil, Copernicia Cerifera Cera/Copernicia Cerifera (Carnauba) Wax/Cire de Carnauba, Parfum/Fragrance, Persea Gratissima Oil/Persea Gratissima (Avocado) Oil, Ammonium Glycyrrhizate, Tocopherol, Alumina, Citric Acid, CI 19140/Yellow 5, CI 42090/Blue 1 Lake."
136,Aloe Caring Roll-on Deodorant ,Deodorants,For sensitive skin,['50 ML'],['$14.00'],4.6 out of 5 stars,79% would recommend this to a friend ,"Aqua, Aluminum Chlorohydrate, Steareth-2, PPG-15 Stearyl Ether, Glycerin, Butylene Glycol, Steareth-21, Pentylene Glycol, Phenoxyethanol, Panthenol, Glyceryl Stearate, Aloe Barbadensis Leaf Juice Powder, Sodium Benzoate, Bisabolol, BHT."
137,Almond Milk Lip Care Stick ,Lip Care,"FOR DRY, SENSITIVE LIPS",['4.2 G'],['$9.00'],3.7 out of 5 stars,55% would recommend this to a friend ,"Olus Oil, Cocos Nucifera Oil/Cocos Nucifera (Coconut) Oil, Candelilla Cera/Euphorbia Cerifera (Candelilla) Wax/Cire de candelilla, Hydrogenated Vegetable Oil, Butyrospermum Parkii Butter/Butyrospermum Parkii (Shea) Butter, Carthamus Tinctorius Seed Oil/Carthamus Tinctorius (Safflower) Seed Oil, Copernicia Cerifera Cera/Copernicia Cerifera (Carnauba) Wax/Cire de Carnauba, Parfum/Fragrance, Mica, Ammonium Glycyrrhizate, Tocopherol, Aqua/Water/Eau, Citric Acid, Prunus Amygdalus Dulcis Seed Extract/Prunus Amygdalus Dulcis (Sweet Almond) Seed Extract, Xanthan Gum, Benzyl Alcohol, Dehydroacetic Acid, CI 77891/Titanium Dioxide."
138,Olive Lip Care Stick ,Lip Care,FOR DRY LIPS,['4.2 G'],['$9.00'],4.3 out of 5 stars,57% would recommend this to a friend ,"Olus Oil, Cocos Nucifera Oil/Cocos Nucifera (Coconut) Oil, Candelilla Cera/Euphorbia Cerifera (Candelilla) Wax/Cire de candelilla, Hydrogenated Vegetable Oil, Butyrospermum Parkii Butter/Butyrospermum Parkii (Shea) Butter, Carthamus Tinctorius Seed Oil/Carthamus Tinctorius (Safflower) Seed Oil, Copernicia Cerifera Cera/Copernicia Cerifera (Carnauba) Wax/Cire de Carnauba, Parfum/Fragrance, Linalool, Olea Europaea Fruit Oil/Olea Europaea (Olive) Fruit Oil, Ammonium Glycyrrhizate, Mica, Limonene, Tocopherol, Citronellol, Geraniol, Benzyl Alcohol, Citral, Citric Acid, CI 77891/Titanium Dioxide. "
139,Complexion Blender ,Makeup Brushes and Tools,Streak-free coverage,['1 Piece'],['$9.00'],3.7 out of 5 stars,46% would recommend this to a friend ,.
140,Edelweiss Bouncy Eye Mask ,Eye Care,FOR SMOOTHER-LOOKING SKIN,['20 ML'],['$43.00'],4.0 out of 5 stars,73% would recommend this to a friend ,"Aqua/Water/Eau, Butylene Glycol, Alcohol Denat., Glycerin, Glycereth-26, Propanediol, Dimethicone, Acrylates/Beheneth-25 Methacrylate Copolymer, PEG-40 Hydrogenated Castor Oil, Phenoxyethanol, Caprylyl Glycol, Propylene Glycol, Sodium Hydroxide, Acrylates/C10-30 Alkyl Acrylate Crosspolymer, Parfum/Fragrance, Sodium Hyaluronate, Adenosine, Leontopodium Alpinum Flower/Leaf Extract, Trisodium Ethylenediamine Disuccinate, Linalool, Leontopodium Alpinum Callus Culture Extract, Citronellol, Moringa Oleifera Seed Oil, Cucumis Sativus Fruit Extract/Cucumis Sativus (Cucumber) Fruit Extract, Ceramide NP, Citric Acid, Limonene, Benzyl Alcohol, Xanthan Gum."
